{
  "A": {
    "COMPRESSION": 291.8181818181818,
    "CARDINALITY": 162.9090909090909,
    "AUC": 5.775014457105664,
    "SLOPE": -0.5155690655787646,
    "POWER_LAW": 0.17271817113547494
  },
  "B": {
    "COMPRESSION": 301.8181818181818,
    "CARDINALITY": 172.0,
    "AUC": 5.793507325306964,
    "SLOPE": -0.4988526257034824,
    "POWER_LAW": 0.17154291365742083
  },
  "C": {
    "COMPRESSION": 112.45454545454545,
    "CARDINALITY": 78.63636363636364,
    "AUC": 3.19289739928464,
    "SLOPE": -0.3989336044327821,
    "POWER_LAW": 0.1500070463298165
  },
  "D": {
    "COMPRESSION": 122.45454545454545,
    "CARDINALITY": 88.36363636363636,
    "AUC": 3.2003671427385068,
    "SLOPE": -0.36872465292817186,
    "POWER_LAW": 0.14628006513485034
  },
  "E": {
    "COMPRESSION": 122.45454545454545,
    "CARDINALITY": 88.36363636363636,
    "AUC": 3.2003671427385068,
    "SLOPE": -0.36872465292817186,
    "POWER_LAW": 0.14628006513485034
  },
  "F": {
    "COMPRESSION": 301.8181818181818,
    "CARDINALITY": 172.0,
    "AUC": 5.793507325306964,
    "SLOPE": -0.4988526257034824,
    "POWER_LAW": 0.17154291365742083
  }
}