2026-07-03 08:48:00,785 INFO [werkzeug] [31m[1mWARNING: This is a development server. Do not use it in a production deployment. Use a production WSGI server instead.[0m
 * Running on all addresses (0.0.0.0)
 * Running on http://127.0.0.1:8711
 * Running on http://192.168.88.102:8711
2026-07-03 08:48:00,787 INFO [werkzeug] [33mPress CTRL+C to quit[0m
2026-07-03 08:48:17,939 INFO [werkzeug] 127.0.0.1 - - [03/Jul/2026 08:48:17] "GET /health HTTP/1.1" 200 -
2026-07-03 08:52:30,285 INFO [werkzeug] 127.0.0.1 - - [03/Jul/2026 08:52:30] "GET /health HTTP/1.1" 200 -
G:\MNEMOS\service\app.py:190: DeprecationWarning: datetime.datetime.utcnow() is deprecated and scheduled for removal in a future version. Use timezone-aware objects to represent datetimes in UTC: datetime.datetime.now(datetime.UTC).
  return dt.datetime.utcnow().replace(microsecond=0).isoformat() + "Z"
2026-07-03 08:52:30,377 INFO [werkzeug] 127.0.0.1 - - [03/Jul/2026 08:52:30] "GET /v1/mnemos/capabilities HTTP/1.1" 200 -
2026-07-03 08:52:30,471 INFO [werkzeug] 127.0.0.1 - - [03/Jul/2026 08:52:30] "GET /v1/mnemos/stats HTTP/1.1" 200 -
--- Logging error ---
Traceback (most recent call last):
  File "C:\Users\vin\anaconda3\Lib\logging\handlers.py", line 74, in emit
    self.doRollover()
  File "C:\Users\vin\anaconda3\Lib\logging\handlers.py", line 446, in doRollover
    self.rotate(self.baseFilename, dfn)
  File "C:\Users\vin\anaconda3\Lib\logging\handlers.py", line 115, in rotate
    os.rename(source, dest)
PermissionError: [WinError 32] The process cannot access the file because it is being used by another process: 'G:\\MNEMOS\\logs\\retrieval_telemetry.jsonl' -> 'G:\\MNEMOS\\logs\\retrieval_telemetry.jsonl.2026-07-01'
Call stack:
  File "C:\Users\vin\anaconda3\Lib\threading.py", line 1032, in _bootstrap
    self._bootstrap_inner()
  File "C:\Users\vin\anaconda3\Lib\threading.py", line 1075, in _bootstrap_inner
    self.run()
  File "C:\Users\vin\anaconda3\Lib\threading.py", line 1012, in run
    self._target(*self._args, **self._kwargs)
  File "C:\Users\vin\anaconda3\Lib\socketserver.py", line 692, in process_request_thread
    self.finish_request(request, client_address)
  File "C:\Users\vin\anaconda3\Lib\socketserver.py", line 362, in finish_request
    self.RequestHandlerClass(request, client_address, self)
  File "C:\Users\vin\anaconda3\Lib\socketserver.py", line 761, in __init__
    self.handle()
  File "C:\Users\vin\anaconda3\Lib\site-packages\werkzeug\serving.py", line 399, in handle
    super().handle()
  File "C:\Users\vin\anaconda3\Lib\http\server.py", line 436, in handle
    self.handle_one_request()
  File "C:\Users\vin\anaconda3\Lib\http\server.py", line 424, in handle_one_request
    method()
  File "C:\Users\vin\anaconda3\Lib\site-packages\werkzeug\serving.py", line 371, in run_wsgi
    execute(self.server.app)
  File "C:\Users\vin\anaconda3\Lib\site-packages\werkzeug\serving.py", line 332, in execute
    application_iter = app(environ, start_response)
  File "C:\Users\vin\anaconda3\Lib\site-packages\flask\app.py", line 1536, in __call__
    return self.wsgi_app(environ, start_response)
  File "C:\Users\vin\anaconda3\Lib\site-packages\flask\app.py", line 1511, in wsgi_app
    response = self.full_dispatch_request()
  File "C:\Users\vin\anaconda3\Lib\site-packages\flask\app.py", line 917, in full_dispatch_request
    rv = self.dispatch_request()
  File "C:\Users\vin\anaconda3\Lib\site-packages\flask\app.py", line 902, in dispatch_request
    return self.ensure_sync(self.view_functions[rule.endpoint])(**view_args)  # type: ignore[no-any-return]
  File "G:\MNEMOS\service\app.py", line 2396, in search
    res = _runtime.search_documents(
  File "G:\MNEMOS\service\app.py", line 1201, in search_documents
    results, mode_meta = self._router.search(**{**_default_retrieval_kwargs, **_r1_retrieval_overrides})
  File "G:\MNEMOS\mnemos\retrieval\retrieval_router.py", line 1303, in search
    hits, rr_telemetry = self._rerank_with_budget(budget_plan, query, hits, t_e)
  File "G:\MNEMOS\mnemos\retrieval\retrieval_router.py", line 325, in _rerank_with_budget
    results, telemetry = self._apply_conditional_rerank(query, candidates, dense_latency_ms)
  File "G:\MNEMOS\mnemos\retrieval\retrieval_router.py", line 729, in _apply_conditional_rerank
    self._telemetry_sink.emit(telemetry)
  File "G:\MNEMOS\mnemos\retrieval\telemetry.py", line 50, in emit
    self.logger.info(json.dumps(event))
Message: '{"timestamp": "2026-07-02T20:52:39.768692+00:00", "request_id": "ac16a362-69b7-4786-abc5-10e738aee4ce", "query_hash": "-8343607377574003350", "query_family": "unknown", "query_family_confidence": 0.2, "rerank_eligible": false, "rerank_applied": false, "shadow_evaluated": true, "rerank_model": "BAAI/bge-reranker-base", "rerank_depth": 20, "rerank_skip_reason": "family_not_allowed", "dense_latency_ms": 15.971399960108101, "rerank_latency_ms": 5944.809600012377, "total_latency_ms": 5960.780999972485, "circuit_breaker_state": "closed", "dense_top_k": 8, "dense_top1_doc_id": "r1seed::docs__benchmarks__gatemem_program_status.md::chunk000", "final_top1_doc_id": "r1seed::docs__benchmarks__gatemem_program_status.md::chunk000", "timeout_occurred": false, "error_occurred": false, "service_healthy": true, "rerank_service_health": {"healthy": true, "model_loaded": true, "last_error": null, "warm": true, "latency_ms": 0.0}, "top3_changed": true, "top10_changed": false}'
Arguments: ()
G:\MNEMOS\service\app.py:190: DeprecationWarning: datetime.datetime.utcnow() is deprecated and scheduled for removal in a future version. Use timezone-aware objects to represent datetimes in UTC: datetime.datetime.now(datetime.UTC).
  return dt.datetime.utcnow().replace(microsecond=0).isoformat() + "Z"
2026-07-03 08:52:47,917 INFO [werkzeug] 127.0.0.1 - - [03/Jul/2026 08:52:47] "POST /v1/mnemos/search HTTP/1.1" 200 -
--- Logging error ---
Traceback (most recent call last):
  File "C:\Users\vin\anaconda3\Lib\logging\handlers.py", line 74, in emit
    self.doRollover()
  File "C:\Users\vin\anaconda3\Lib\logging\handlers.py", line 446, in doRollover
    self.rotate(self.baseFilename, dfn)
  File "C:\Users\vin\anaconda3\Lib\logging\handlers.py", line 115, in rotate
    os.rename(source, dest)
PermissionError: [WinError 32] The process cannot access the file because it is being used by another process: 'G:\\MNEMOS\\logs\\retrieval_telemetry.jsonl' -> 'G:\\MNEMOS\\logs\\retrieval_telemetry.jsonl.2026-07-01'
Call stack:
  File "C:\Users\vin\anaconda3\Lib\threading.py", line 1032, in _bootstrap
    self._bootstrap_inner()
  File "C:\Users\vin\anaconda3\Lib\threading.py", line 1075, in _bootstrap_inner
    self.run()
  File "C:\Users\vin\anaconda3\Lib\threading.py", line 1012, in run
    self._target(*self._args, **self._kwargs)
  File "C:\Users\vin\anaconda3\Lib\socketserver.py", line 692, in process_request_thread
    self.finish_request(request, client_address)
  File "C:\Users\vin\anaconda3\Lib\socketserver.py", line 362, in finish_request
    self.RequestHandlerClass(request, client_address, self)
  File "C:\Users\vin\anaconda3\Lib\socketserver.py", line 761, in __init__
    self.handle()
  File "C:\Users\vin\anaconda3\Lib\site-packages\werkzeug\serving.py", line 399, in handle
    super().handle()
  File "C:\Users\vin\anaconda3\Lib\http\server.py", line 436, in handle
    self.handle_one_request()
  File "C:\Users\vin\anaconda3\Lib\http\server.py", line 424, in handle_one_request
    method()
  File "C:\Users\vin\anaconda3\Lib\site-packages\werkzeug\serving.py", line 371, in run_wsgi
    execute(self.server.app)
  File "C:\Users\vin\anaconda3\Lib\site-packages\werkzeug\serving.py", line 332, in execute
    application_iter = app(environ, start_response)
  File "C:\Users\vin\anaconda3\Lib\site-packages\flask\app.py", line 1536, in __call__
    return self.wsgi_app(environ, start_response)
  File "C:\Users\vin\anaconda3\Lib\site-packages\flask\app.py", line 1511, in wsgi_app
    response = self.full_dispatch_request()
  File "C:\Users\vin\anaconda3\Lib\site-packages\flask\app.py", line 917, in full_dispatch_request
    rv = self.dispatch_request()
  File "C:\Users\vin\anaconda3\Lib\site-packages\flask\app.py", line 902, in dispatch_request
    return self.ensure_sync(self.view_functions[rule.endpoint])(**view_args)  # type: ignore[no-any-return]
  File "G:\MNEMOS\service\app.py", line 2396, in search
    res = _runtime.search_documents(
  File "G:\MNEMOS\service\app.py", line 1201, in search_documents
    results, mode_meta = self._router.search(**{**_default_retrieval_kwargs, **_r1_retrieval_overrides})
  File "G:\MNEMOS\mnemos\retrieval\retrieval_router.py", line 1303, in search
    hits, rr_telemetry = self._rerank_with_budget(budget_plan, query, hits, t_e)
  File "G:\MNEMOS\mnemos\retrieval\retrieval_router.py", line 325, in _rerank_with_budget
    results, telemetry = self._apply_conditional_rerank(query, candidates, dense_latency_ms)
  File "G:\MNEMOS\mnemos\retrieval\retrieval_router.py", line 729, in _apply_conditional_rerank
    self._telemetry_sink.emit(telemetry)
  File "G:\MNEMOS\mnemos\retrieval\telemetry.py", line 50, in emit
    self.logger.info(json.dumps(event))
Message: '{"timestamp": "2026-07-02T20:52:48.749940+00:00", "request_id": "393379bf-ffbf-4165-93a0-ec4964b289bd", "query_hash": "6701039599892164240", "query_family": "unknown", "query_family_confidence": 0.2, "rerank_eligible": false, "rerank_applied": false, "shadow_evaluated": true, "rerank_model": "BAAI/bge-reranker-base", "rerank_depth": 20, "rerank_skip_reason": "family_not_allowed", "dense_latency_ms": 26.637899922206998, "rerank_latency_ms": 146.7395001091063, "total_latency_ms": 173.3774000313133, "circuit_breaker_state": "closed", "dense_top_k": 8, "dense_top1_doc_id": "r1seed::benchmarks__results__gatemem_g4_gate.md::chunk000", "final_top1_doc_id": "r1seed::benchmarks__results__gatemem_g4_gate.md::chunk000", "timeout_occurred": false, "error_occurred": false, "service_healthy": true, "rerank_service_health": {"healthy": true, "model_loaded": true, "last_error": null, "warm": true, "latency_ms": 0.0}, "top3_changed": true, "top10_changed": false}'
Arguments: ()
2026-07-03 08:52:49,012 INFO [werkzeug] 127.0.0.1 - - [03/Jul/2026 08:52:49] "POST /v1/mnemos/search HTTP/1.1" 200 -
--- Logging error ---
Traceback (most recent call last):
  File "C:\Users\vin\anaconda3\Lib\logging\handlers.py", line 74, in emit
    self.doRollover()
  File "C:\Users\vin\anaconda3\Lib\logging\handlers.py", line 446, in doRollover
    self.rotate(self.baseFilename, dfn)
  File "C:\Users\vin\anaconda3\Lib\logging\handlers.py", line 115, in rotate
    os.rename(source, dest)
PermissionError: [WinError 32] The process cannot access the file because it is being used by another process: 'G:\\MNEMOS\\logs\\retrieval_telemetry.jsonl' -> 'G:\\MNEMOS\\logs\\retrieval_telemetry.jsonl.2026-07-01'
Call stack:
  File "C:\Users\vin\anaconda3\Lib\threading.py", line 1032, in _bootstrap
    self._bootstrap_inner()
  File "C:\Users\vin\anaconda3\Lib\threading.py", line 1075, in _bootstrap_inner
    self.run()
  File "C:\Users\vin\anaconda3\Lib\threading.py", line 1012, in run
    self._target(*self._args, **self._kwargs)
  File "C:\Users\vin\anaconda3\Lib\socketserver.py", line 692, in process_request_thread
    self.finish_request(request, client_address)
  File "C:\Users\vin\anaconda3\Lib\socketserver.py", line 362, in finish_request
    self.RequestHandlerClass(request, client_address, self)
  File "C:\Users\vin\anaconda3\Lib\socketserver.py", line 761, in __init__
    self.handle()
  File "C:\Users\vin\anaconda3\Lib\site-packages\werkzeug\serving.py", line 399, in handle
    super().handle()
  File "C:\Users\vin\anaconda3\Lib\http\server.py", line 436, in handle
    self.handle_one_request()
  File "C:\Users\vin\anaconda3\Lib\http\server.py", line 424, in handle_one_request
    method()
  File "C:\Users\vin\anaconda3\Lib\site-packages\werkzeug\serving.py", line 371, in run_wsgi
    execute(self.server.app)
  File "C:\Users\vin\anaconda3\Lib\site-packages\werkzeug\serving.py", line 332, in execute
    application_iter = app(environ, start_response)
  File "C:\Users\vin\anaconda3\Lib\site-packages\flask\app.py", line 1536, in __call__
    return self.wsgi_app(environ, start_response)
  File "C:\Users\vin\anaconda3\Lib\site-packages\flask\app.py", line 1511, in wsgi_app
    response = self.full_dispatch_request()
  File "C:\Users\vin\anaconda3\Lib\site-packages\flask\app.py", line 917, in full_dispatch_request
    rv = self.dispatch_request()
  File "C:\Users\vin\anaconda3\Lib\site-packages\flask\app.py", line 902, in dispatch_request
    return self.ensure_sync(self.view_functions[rule.endpoint])(**view_args)  # type: ignore[no-any-return]
  File "G:\MNEMOS\service\app.py", line 2396, in search
    res = _runtime.search_documents(
  File "G:\MNEMOS\service\app.py", line 1201, in search_documents
    results, mode_meta = self._router.search(**{**_default_retrieval_kwargs, **_r1_retrieval_overrides})
  File "G:\MNEMOS\mnemos\retrieval\retrieval_router.py", line 1303, in search
    hits, rr_telemetry = self._rerank_with_budget(budget_plan, query, hits, t_e)
  File "G:\MNEMOS\mnemos\retrieval\retrieval_router.py", line 325, in _rerank_with_budget
    results, telemetry = self._apply_conditional_rerank(query, candidates, dense_latency_ms)
  File "G:\MNEMOS\mnemos\retrieval\retrieval_router.py", line 729, in _apply_conditional_rerank
    self._telemetry_sink.emit(telemetry)
  File "G:\MNEMOS\mnemos\retrieval\telemetry.py", line 50, in emit
    self.logger.info(json.dumps(event))
Message: '{"timestamp": "2026-07-02T20:52:49.792679+00:00", "request_id": "fe7989d1-dece-49b0-80ab-a92a896ab147", "query_hash": "4785431342909698008", "query_family": "unknown", "query_family_confidence": 0.2, "rerank_eligible": false, "rerank_applied": false, "shadow_evaluated": true, "rerank_model": "BAAI/bge-reranker-base", "rerank_depth": 20, "rerank_skip_reason": "family_not_allowed", "dense_latency_ms": 10.941899963654578, "rerank_latency_ms": 139.10390005912632, "total_latency_ms": 150.0458000227809, "circuit_breaker_state": "closed", "dense_top_k": 8, "dense_top1_doc_id": "r1seed::docs__whitepaper.md::chunk097", "final_top1_doc_id": "r1seed::docs__whitepaper.md::chunk097", "timeout_occurred": false, "error_occurred": false, "service_healthy": true, "rerank_service_health": {"healthy": true, "model_loaded": true, "last_error": null, "warm": true, "latency_ms": 0.0}, "top3_changed": true, "top10_changed": false}'
Arguments: ()
2026-07-03 08:52:50,039 INFO [werkzeug] 127.0.0.1 - - [03/Jul/2026 08:52:50] "POST /v1/mnemos/search HTTP/1.1" 200 -
--- Logging error ---
Traceback (most recent call last):
  File "C:\Users\vin\anaconda3\Lib\logging\handlers.py", line 74, in emit
    self.doRollover()
  File "C:\Users\vin\anaconda3\Lib\logging\handlers.py", line 446, in doRollover
    self.rotate(self.baseFilename, dfn)
  File "C:\Users\vin\anaconda3\Lib\logging\handlers.py", line 115, in rotate
    os.rename(source, dest)
PermissionError: [WinError 32] The process cannot access the file because it is being used by another process: 'G:\\MNEMOS\\logs\\retrieval_telemetry.jsonl' -> 'G:\\MNEMOS\\logs\\retrieval_telemetry.jsonl.2026-07-01'
Call stack:
  File "C:\Users\vin\anaconda3\Lib\threading.py", line 1032, in _bootstrap
    self._bootstrap_inner()
  File "C:\Users\vin\anaconda3\Lib\threading.py", line 1075, in _bootstrap_inner
    self.run()
  File "C:\Users\vin\anaconda3\Lib\threading.py", line 1012, in run
    self._target(*self._args, **self._kwargs)
  File "C:\Users\vin\anaconda3\Lib\socketserver.py", line 692, in process_request_thread
    self.finish_request(request, client_address)
  File "C:\Users\vin\anaconda3\Lib\socketserver.py", line 362, in finish_request
    self.RequestHandlerClass(request, client_address, self)
  File "C:\Users\vin\anaconda3\Lib\socketserver.py", line 761, in __init__
    self.handle()
  File "C:\Users\vin\anaconda3\Lib\site-packages\werkzeug\serving.py", line 399, in handle
    super().handle()
  File "C:\Users\vin\anaconda3\Lib\http\server.py", line 436, in handle
    self.handle_one_request()
  File "C:\Users\vin\anaconda3\Lib\http\server.py", line 424, in handle_one_request
    method()
  File "C:\Users\vin\anaconda3\Lib\site-packages\werkzeug\serving.py", line 371, in run_wsgi
    execute(self.server.app)
  File "C:\Users\vin\anaconda3\Lib\site-packages\werkzeug\serving.py", line 332, in execute
    application_iter = app(environ, start_response)
  File "C:\Users\vin\anaconda3\Lib\site-packages\flask\app.py", line 1536, in __call__
    return self.wsgi_app(environ, start_response)
  File "C:\Users\vin\anaconda3\Lib\site-packages\flask\app.py", line 1511, in wsgi_app
    response = self.full_dispatch_request()
  File "C:\Users\vin\anaconda3\Lib\site-packages\flask\app.py", line 917, in full_dispatch_request
    rv = self.dispatch_request()
  File "C:\Users\vin\anaconda3\Lib\site-packages\flask\app.py", line 902, in dispatch_request
    return self.ensure_sync(self.view_functions[rule.endpoint])(**view_args)  # type: ignore[no-any-return]
  File "G:\MNEMOS\service\app.py", line 2396, in search
    res = _runtime.search_documents(
  File "G:\MNEMOS\service\app.py", line 1201, in search_documents
    results, mode_meta = self._router.search(**{**_default_retrieval_kwargs, **_r1_retrieval_overrides})
  File "G:\MNEMOS\mnemos\retrieval\retrieval_router.py", line 1303, in search
    hits, rr_telemetry = self._rerank_with_budget(budget_plan, query, hits, t_e)
  File "G:\MNEMOS\mnemos\retrieval\retrieval_router.py", line 325, in _rerank_with_budget
    results, telemetry = self._apply_conditional_rerank(query, candidates, dense_latency_ms)
  File "G:\MNEMOS\mnemos\retrieval\retrieval_router.py", line 729, in _apply_conditional_rerank
    self._telemetry_sink.emit(telemetry)
  File "G:\MNEMOS\mnemos\retrieval\telemetry.py", line 50, in emit
    self.logger.info(json.dumps(event))
Message: '{"timestamp": "2026-07-02T20:52:50.803192+00:00", "request_id": "9a30ab2a-2c02-4896-99df-a410db56010a", "query_hash": "-2674865625363707872", "query_family": "unknown", "query_family_confidence": 0.2, "rerank_eligible": false, "rerank_applied": false, "shadow_evaluated": true, "rerank_model": "BAAI/bge-reranker-base", "rerank_depth": 20, "rerank_skip_reason": "family_not_allowed", "dense_latency_ms": 31.631099991500378, "rerank_latency_ms": 131.81799999438226, "total_latency_ms": 163.44909998588264, "circuit_breaker_state": "closed", "dense_top_k": 8, "dense_top1_doc_id": "r1seed::docs__benchmarks__gatemem_g5__README.md::chunk003", "final_top1_doc_id": "r1seed::docs__benchmarks__gatemem_g5__README.md::chunk003", "timeout_occurred": false, "error_occurred": false, "service_healthy": true, "rerank_service_health": {"healthy": true, "model_loaded": true, "last_error": null, "warm": true, "latency_ms": 0.0}, "top3_changed": true, "top10_changed": false}'
Arguments: ()
2026-07-03 08:52:51,036 INFO [werkzeug] 127.0.0.1 - - [03/Jul/2026 08:52:51] "POST /v1/mnemos/search HTTP/1.1" 200 -
--- Logging error ---
Traceback (most recent call last):
  File "C:\Users\vin\anaconda3\Lib\logging\handlers.py", line 74, in emit
    self.doRollover()
  File "C:\Users\vin\anaconda3\Lib\logging\handlers.py", line 446, in doRollover
    self.rotate(self.baseFilename, dfn)
  File "C:\Users\vin\anaconda3\Lib\logging\handlers.py", line 115, in rotate
    os.rename(source, dest)
PermissionError: [WinError 32] The process cannot access the file because it is being used by another process: 'G:\\MNEMOS\\logs\\retrieval_telemetry.jsonl' -> 'G:\\MNEMOS\\logs\\retrieval_telemetry.jsonl.2026-07-01'
Call stack:
  File "C:\Users\vin\anaconda3\Lib\threading.py", line 1032, in _bootstrap
    self._bootstrap_inner()
  File "C:\Users\vin\anaconda3\Lib\threading.py", line 1075, in _bootstrap_inner
    self.run()
  File "C:\Users\vin\anaconda3\Lib\threading.py", line 1012, in run
    self._target(*self._args, **self._kwargs)
  File "C:\Users\vin\anaconda3\Lib\socketserver.py", line 692, in process_request_thread
    self.finish_request(request, client_address)
  File "C:\Users\vin\anaconda3\Lib\socketserver.py", line 362, in finish_request
    self.RequestHandlerClass(request, client_address, self)
  File "C:\Users\vin\anaconda3\Lib\socketserver.py", line 761, in __init__
    self.handle()
  File "C:\Users\vin\anaconda3\Lib\site-packages\werkzeug\serving.py", line 399, in handle
    super().handle()
  File "C:\Users\vin\anaconda3\Lib\http\server.py", line 436, in handle
    self.handle_one_request()
  File "C:\Users\vin\anaconda3\Lib\http\server.py", line 424, in handle_one_request
    method()
  File "C:\Users\vin\anaconda3\Lib\site-packages\werkzeug\serving.py", line 371, in run_wsgi
    execute(self.server.app)
  File "C:\Users\vin\anaconda3\Lib\site-packages\werkzeug\serving.py", line 332, in execute
    application_iter = app(environ, start_response)
  File "C:\Users\vin\anaconda3\Lib\site-packages\flask\app.py", line 1536, in __call__
    return self.wsgi_app(environ, start_response)
  File "C:\Users\vin\anaconda3\Lib\site-packages\flask\app.py", line 1511, in wsgi_app
    response = self.full_dispatch_request()
  File "C:\Users\vin\anaconda3\Lib\site-packages\flask\app.py", line 917, in full_dispatch_request
    rv = self.dispatch_request()
  File "C:\Users\vin\anaconda3\Lib\site-packages\flask\app.py", line 902, in dispatch_request
    return self.ensure_sync(self.view_functions[rule.endpoint])(**view_args)  # type: ignore[no-any-return]
  File "G:\MNEMOS\service\app.py", line 2396, in search
    res = _runtime.search_documents(
  File "G:\MNEMOS\service\app.py", line 1201, in search_documents
    results, mode_meta = self._router.search(**{**_default_retrieval_kwargs, **_r1_retrieval_overrides})
  File "G:\MNEMOS\mnemos\retrieval\retrieval_router.py", line 1303, in search
    hits, rr_telemetry = self._rerank_with_budget(budget_plan, query, hits, t_e)
  File "G:\MNEMOS\mnemos\retrieval\retrieval_router.py", line 325, in _rerank_with_budget
    results, telemetry = self._apply_conditional_rerank(query, candidates, dense_latency_ms)
  File "G:\MNEMOS\mnemos\retrieval\retrieval_router.py", line 729, in _apply_conditional_rerank
    self._telemetry_sink.emit(telemetry)
  File "G:\MNEMOS\mnemos\retrieval\telemetry.py", line 50, in emit
    self.logger.info(json.dumps(event))
Message: '{"timestamp": "2026-07-02T20:52:51.757388+00:00", "request_id": "a7b006c7-fde6-40d0-877f-d5a027b4ef70", "query_hash": "6592351170571936424", "query_family": "unknown", "query_family_confidence": 0.2, "rerank_eligible": false, "rerank_applied": false, "shadow_evaluated": true, "rerank_model": "BAAI/bge-reranker-base", "rerank_depth": 20, "rerank_skip_reason": "family_not_allowed", "dense_latency_ms": 9.833600022830069, "rerank_latency_ms": 128.34830000065267, "total_latency_ms": 138.18190002348274, "circuit_breaker_state": "closed", "dense_top_k": 8, "dense_top1_doc_id": "r1seed::docs__benchmarks__gatemem_program_status.md::chunk000", "final_top1_doc_id": "r1seed::docs__benchmarks__gatemem_program_status.md::chunk000", "timeout_occurred": false, "error_occurred": false, "service_healthy": true, "rerank_service_health": {"healthy": true, "model_loaded": true, "last_error": null, "warm": true, "latency_ms": 0.0}, "top3_changed": true, "top10_changed": false}'
Arguments: ()
2026-07-03 08:52:52,138 INFO [werkzeug] 127.0.0.1 - - [03/Jul/2026 08:52:52] "POST /v1/mnemos/search HTTP/1.1" 200 -
--- Logging error ---
Traceback (most recent call last):
  File "C:\Users\vin\anaconda3\Lib\logging\handlers.py", line 74, in emit
    self.doRollover()
  File "C:\Users\vin\anaconda3\Lib\logging\handlers.py", line 446, in doRollover
    self.rotate(self.baseFilename, dfn)
  File "C:\Users\vin\anaconda3\Lib\logging\handlers.py", line 115, in rotate
    os.rename(source, dest)
PermissionError: [WinError 32] The process cannot access the file because it is being used by another process: 'G:\\MNEMOS\\logs\\retrieval_telemetry.jsonl' -> 'G:\\MNEMOS\\logs\\retrieval_telemetry.jsonl.2026-07-01'
Call stack:
  File "C:\Users\vin\anaconda3\Lib\threading.py", line 1032, in _bootstrap
    self._bootstrap_inner()
  File "C:\Users\vin\anaconda3\Lib\threading.py", line 1075, in _bootstrap_inner
    self.run()
  File "C:\Users\vin\anaconda3\Lib\threading.py", line 1012, in run
    self._target(*self._args, **self._kwargs)
  File "C:\Users\vin\anaconda3\Lib\socketserver.py", line 692, in process_request_thread
    self.finish_request(request, client_address)
  File "C:\Users\vin\anaconda3\Lib\socketserver.py", line 362, in finish_request
    self.RequestHandlerClass(request, client_address, self)
  File "C:\Users\vin\anaconda3\Lib\socketserver.py", line 761, in __init__
    self.handle()
  File "C:\Users\vin\anaconda3\Lib\site-packages\werkzeug\serving.py", line 399, in handle
    super().handle()
  File "C:\Users\vin\anaconda3\Lib\http\server.py", line 436, in handle
    self.handle_one_request()
  File "C:\Users\vin\anaconda3\Lib\http\server.py", line 424, in handle_one_request
    method()
  File "C:\Users\vin\anaconda3\Lib\site-packages\werkzeug\serving.py", line 371, in run_wsgi
    execute(self.server.app)
  File "C:\Users\vin\anaconda3\Lib\site-packages\werkzeug\serving.py", line 332, in execute
    application_iter = app(environ, start_response)
  File "C:\Users\vin\anaconda3\Lib\site-packages\flask\app.py", line 1536, in __call__
    return self.wsgi_app(environ, start_response)
  File "C:\Users\vin\anaconda3\Lib\site-packages\flask\app.py", line 1511, in wsgi_app
    response = self.full_dispatch_request()
  File "C:\Users\vin\anaconda3\Lib\site-packages\flask\app.py", line 917, in full_dispatch_request
    rv = self.dispatch_request()
  File "C:\Users\vin\anaconda3\Lib\site-packages\flask\app.py", line 902, in dispatch_request
    return self.ensure_sync(self.view_functions[rule.endpoint])(**view_args)  # type: ignore[no-any-return]
  File "G:\MNEMOS\service\app.py", line 2396, in search
    res = _runtime.search_documents(
  File "G:\MNEMOS\service\app.py", line 1201, in search_documents
    results, mode_meta = self._router.search(**{**_default_retrieval_kwargs, **_r1_retrieval_overrides})
  File "G:\MNEMOS\mnemos\retrieval\retrieval_router.py", line 1303, in search
    hits, rr_telemetry = self._rerank_with_budget(budget_plan, query, hits, t_e)
  File "G:\MNEMOS\mnemos\retrieval\retrieval_router.py", line 325, in _rerank_with_budget
    results, telemetry = self._apply_conditional_rerank(query, candidates, dense_latency_ms)
  File "G:\MNEMOS\mnemos\retrieval\retrieval_router.py", line 729, in _apply_conditional_rerank
    self._telemetry_sink.emit(telemetry)
  File "G:\MNEMOS\mnemos\retrieval\telemetry.py", line 50, in emit
    self.logger.info(json.dumps(event))
Message: '{"timestamp": "2026-07-02T20:52:52.941959+00:00", "request_id": "d3ce786f-de8f-4321-8e2d-c7a751787d8b", "query_hash": "-7780397353368087643", "query_family": "unknown", "query_family_confidence": 0.2, "rerank_eligible": false, "rerank_applied": false, "shadow_evaluated": true, "rerank_model": "BAAI/bge-reranker-base", "rerank_depth": 20, "rerank_skip_reason": "family_not_allowed", "dense_latency_ms": 32.94040006585419, "rerank_latency_ms": 144.53389996197075, "total_latency_ms": 177.47430002782494, "circuit_breaker_state": "closed", "dense_top_k": 8, "dense_top1_doc_id": "r1seed::docs__benchmarks__gatemem_g4_offline_reference_implementation_proposal.md::chunk000", "final_top1_doc_id": "r1seed::docs__benchmarks__gatemem_g4_offline_reference_implementation_proposal.md::chunk000", "timeout_occurred": false, "error_occurred": false, "service_healthy": true, "rerank_service_health": {"healthy": true, "model_loaded": true, "last_error": null, "warm": true, "latency_ms": 0.0}, "top3_changed": true, "top10_changed": false}'
Arguments: ()
2026-07-03 08:52:53,214 INFO [werkzeug] 127.0.0.1 - - [03/Jul/2026 08:52:53] "POST /v1/mnemos/search HTTP/1.1" 200 -
--- Logging error ---
Traceback (most recent call last):
  File "C:\Users\vin\anaconda3\Lib\logging\handlers.py", line 74, in emit
    self.doRollover()
  File "C:\Users\vin\anaconda3\Lib\logging\handlers.py", line 446, in doRollover
    self.rotate(self.baseFilename, dfn)
  File "C:\Users\vin\anaconda3\Lib\logging\handlers.py", line 115, in rotate
    os.rename(source, dest)
PermissionError: [WinError 32] The process cannot access the file because it is being used by another process: 'G:\\MNEMOS\\logs\\retrieval_telemetry.jsonl' -> 'G:\\MNEMOS\\logs\\retrieval_telemetry.jsonl.2026-07-01'
Call stack:
  File "C:\Users\vin\anaconda3\Lib\threading.py", line 1032, in _bootstrap
    self._bootstrap_inner()
  File "C:\Users\vin\anaconda3\Lib\threading.py", line 1075, in _bootstrap_inner
    self.run()
  File "C:\Users\vin\anaconda3\Lib\threading.py", line 1012, in run
    self._target(*self._args, **self._kwargs)
  File "C:\Users\vin\anaconda3\Lib\socketserver.py", line 692, in process_request_thread
    self.finish_request(request, client_address)
  File "C:\Users\vin\anaconda3\Lib\socketserver.py", line 362, in finish_request
    self.RequestHandlerClass(request, client_address, self)
  File "C:\Users\vin\anaconda3\Lib\socketserver.py", line 761, in __init__
    self.handle()
  File "C:\Users\vin\anaconda3\Lib\site-packages\werkzeug\serving.py", line 399, in handle
    super().handle()
  File "C:\Users\vin\anaconda3\Lib\http\server.py", line 436, in handle
    self.handle_one_request()
  File "C:\Users\vin\anaconda3\Lib\http\server.py", line 424, in handle_one_request
    method()
  File "C:\Users\vin\anaconda3\Lib\site-packages\werkzeug\serving.py", line 371, in run_wsgi
    execute(self.server.app)
  File "C:\Users\vin\anaconda3\Lib\site-packages\werkzeug\serving.py", line 332, in execute
    application_iter = app(environ, start_response)
  File "C:\Users\vin\anaconda3\Lib\site-packages\flask\app.py", line 1536, in __call__
    return self.wsgi_app(environ, start_response)
  File "C:\Users\vin\anaconda3\Lib\site-packages\flask\app.py", line 1511, in wsgi_app
    response = self.full_dispatch_request()
  File "C:\Users\vin\anaconda3\Lib\site-packages\flask\app.py", line 917, in full_dispatch_request
    rv = self.dispatch_request()
  File "C:\Users\vin\anaconda3\Lib\site-packages\flask\app.py", line 902, in dispatch_request
    return self.ensure_sync(self.view_functions[rule.endpoint])(**view_args)  # type: ignore[no-any-return]
  File "G:\MNEMOS\service\app.py", line 2396, in search
    res = _runtime.search_documents(
  File "G:\MNEMOS\service\app.py", line 1201, in search_documents
    results, mode_meta = self._router.search(**{**_default_retrieval_kwargs, **_r1_retrieval_overrides})
  File "G:\MNEMOS\mnemos\retrieval\retrieval_router.py", line 1303, in search
    hits, rr_telemetry = self._rerank_with_budget(budget_plan, query, hits, t_e)
  File "G:\MNEMOS\mnemos\retrieval\retrieval_router.py", line 325, in _rerank_with_budget
    results, telemetry = self._apply_conditional_rerank(query, candidates, dense_latency_ms)
  File "G:\MNEMOS\mnemos\retrieval\retrieval_router.py", line 729, in _apply_conditional_rerank
    self._telemetry_sink.emit(telemetry)
  File "G:\MNEMOS\mnemos\retrieval\telemetry.py", line 50, in emit
    self.logger.info(json.dumps(event))
Message: '{"timestamp": "2026-07-02T20:52:53.944835+00:00", "request_id": "58a318b9-a7fe-4956-9f70-f38648a86add", "query_hash": "7764895484446298072", "query_family": "unknown", "query_family_confidence": 0.2, "rerank_eligible": false, "rerank_applied": false, "shadow_evaluated": true, "rerank_model": "BAAI/bge-reranker-base", "rerank_depth": 20, "rerank_skip_reason": "family_not_allowed", "dense_latency_ms": 7.540799910202622, "rerank_latency_ms": 141.421299893409, "total_latency_ms": 148.96209980361164, "circuit_breaker_state": "closed", "dense_top_k": 8, "dense_top1_doc_id": "r1seed::docs__benchmarks__gatemem_g2_offline_adapter.md::chunk000", "final_top1_doc_id": "r1seed::docs__benchmarks__gatemem_g2_offline_adapter.md::chunk000", "timeout_occurred": false, "error_occurred": false, "service_healthy": true, "rerank_service_health": {"healthy": true, "model_loaded": true, "last_error": null, "warm": true, "latency_ms": 0.0}, "top3_changed": true, "top10_changed": false}'
Arguments: ()
2026-07-03 08:52:54,194 INFO [werkzeug] 127.0.0.1 - - [03/Jul/2026 08:52:54] "POST /v1/mnemos/search HTTP/1.1" 200 -
--- Logging error ---
Traceback (most recent call last):
  File "C:\Users\vin\anaconda3\Lib\logging\handlers.py", line 74, in emit
    self.doRollover()
  File "C:\Users\vin\anaconda3\Lib\logging\handlers.py", line 446, in doRollover
    self.rotate(self.baseFilename, dfn)
  File "C:\Users\vin\anaconda3\Lib\logging\handlers.py", line 115, in rotate
    os.rename(source, dest)
PermissionError: [WinError 32] The process cannot access the file because it is being used by another process: 'G:\\MNEMOS\\logs\\retrieval_telemetry.jsonl' -> 'G:\\MNEMOS\\logs\\retrieval_telemetry.jsonl.2026-07-01'
Call stack:
  File "C:\Users\vin\anaconda3\Lib\threading.py", line 1032, in _bootstrap
    self._bootstrap_inner()
  File "C:\Users\vin\anaconda3\Lib\threading.py", line 1075, in _bootstrap_inner
    self.run()
  File "C:\Users\vin\anaconda3\Lib\threading.py", line 1012, in run
    self._target(*self._args, **self._kwargs)
  File "C:\Users\vin\anaconda3\Lib\socketserver.py", line 692, in process_request_thread
    self.finish_request(request, client_address)
  File "C:\Users\vin\anaconda3\Lib\socketserver.py", line 362, in finish_request
    self.RequestHandlerClass(request, client_address, self)
  File "C:\Users\vin\anaconda3\Lib\socketserver.py", line 761, in __init__
    self.handle()
  File "C:\Users\vin\anaconda3\Lib\site-packages\werkzeug\serving.py", line 399, in handle
    super().handle()
  File "C:\Users\vin\anaconda3\Lib\http\server.py", line 436, in handle
    self.handle_one_request()
  File "C:\Users\vin\anaconda3\Lib\http\server.py", line 424, in handle_one_request
    method()
  File "C:\Users\vin\anaconda3\Lib\site-packages\werkzeug\serving.py", line 371, in run_wsgi
    execute(self.server.app)
  File "C:\Users\vin\anaconda3\Lib\site-packages\werkzeug\serving.py", line 332, in execute
    application_iter = app(environ, start_response)
  File "C:\Users\vin\anaconda3\Lib\site-packages\flask\app.py", line 1536, in __call__
    return self.wsgi_app(environ, start_response)
  File "C:\Users\vin\anaconda3\Lib\site-packages\flask\app.py", line 1511, in wsgi_app
    response = self.full_dispatch_request()
  File "C:\Users\vin\anaconda3\Lib\site-packages\flask\app.py", line 917, in full_dispatch_request
    rv = self.dispatch_request()
  File "C:\Users\vin\anaconda3\Lib\site-packages\flask\app.py", line 902, in dispatch_request
    return self.ensure_sync(self.view_functions[rule.endpoint])(**view_args)  # type: ignore[no-any-return]
  File "G:\MNEMOS\service\app.py", line 2396, in search
    res = _runtime.search_documents(
  File "G:\MNEMOS\service\app.py", line 1201, in search_documents
    results, mode_meta = self._router.search(**{**_default_retrieval_kwargs, **_r1_retrieval_overrides})
  File "G:\MNEMOS\mnemos\retrieval\retrieval_router.py", line 1303, in search
    hits, rr_telemetry = self._rerank_with_budget(budget_plan, query, hits, t_e)
  File "G:\MNEMOS\mnemos\retrieval\retrieval_router.py", line 325, in _rerank_with_budget
    results, telemetry = self._apply_conditional_rerank(query, candidates, dense_latency_ms)
  File "G:\MNEMOS\mnemos\retrieval\retrieval_router.py", line 729, in _apply_conditional_rerank
    self._telemetry_sink.emit(telemetry)
  File "G:\MNEMOS\mnemos\retrieval\telemetry.py", line 50, in emit
    self.logger.info(json.dumps(event))
Message: '{"timestamp": "2026-07-02T20:52:54.923856+00:00", "request_id": "fcbff817-96cd-4cb6-a25d-925adf860c52", "query_hash": "-8640049009068707155", "query_family": "unknown", "query_family_confidence": 0.2, "rerank_eligible": false, "rerank_applied": false, "shadow_evaluated": true, "rerank_model": "BAAI/bge-reranker-base", "rerank_depth": 20, "rerank_skip_reason": "family_not_allowed", "dense_latency_ms": 7.007800042629242, "rerank_latency_ms": 141.649299999699, "total_latency_ms": 148.65710004232824, "circuit_breaker_state": "closed", "dense_top_k": 8, "dense_top1_doc_id": "r1seed::docs__whitepaper.md::chunk097", "final_top1_doc_id": "r1seed::docs__whitepaper.md::chunk097", "timeout_occurred": false, "error_occurred": false, "service_healthy": true, "rerank_service_health": {"healthy": true, "model_loaded": true, "last_error": null, "warm": true, "latency_ms": 0.0}, "top3_changed": true, "top10_changed": false}'
Arguments: ()
2026-07-03 08:52:55,168 INFO [werkzeug] 127.0.0.1 - - [03/Jul/2026 08:52:55] "POST /v1/mnemos/search HTTP/1.1" 200 -
--- Logging error ---
Traceback (most recent call last):
  File "C:\Users\vin\anaconda3\Lib\logging\handlers.py", line 74, in emit
    self.doRollover()
  File "C:\Users\vin\anaconda3\Lib\logging\handlers.py", line 446, in doRollover
    self.rotate(self.baseFilename, dfn)
  File "C:\Users\vin\anaconda3\Lib\logging\handlers.py", line 115, in rotate
    os.rename(source, dest)
PermissionError: [WinError 32] The process cannot access the file because it is being used by another process: 'G:\\MNEMOS\\logs\\retrieval_telemetry.jsonl' -> 'G:\\MNEMOS\\logs\\retrieval_telemetry.jsonl.2026-07-01'
Call stack:
  File "C:\Users\vin\anaconda3\Lib\threading.py", line 1032, in _bootstrap
    self._bootstrap_inner()
  File "C:\Users\vin\anaconda3\Lib\threading.py", line 1075, in _bootstrap_inner
    self.run()
  File "C:\Users\vin\anaconda3\Lib\threading.py", line 1012, in run
    self._target(*self._args, **self._kwargs)
  File "C:\Users\vin\anaconda3\Lib\socketserver.py", line 692, in process_request_thread
    self.finish_request(request, client_address)
  File "C:\Users\vin\anaconda3\Lib\socketserver.py", line 362, in finish_request
    self.RequestHandlerClass(request, client_address, self)
  File "C:\Users\vin\anaconda3\Lib\socketserver.py", line 761, in __init__
    self.handle()
  File "C:\Users\vin\anaconda3\Lib\site-packages\werkzeug\serving.py", line 399, in handle
    super().handle()
  File "C:\Users\vin\anaconda3\Lib\http\server.py", line 436, in handle
    self.handle_one_request()
  File "C:\Users\vin\anaconda3\Lib\http\server.py", line 424, in handle_one_request
    method()
  File "C:\Users\vin\anaconda3\Lib\site-packages\werkzeug\serving.py", line 371, in run_wsgi
    execute(self.server.app)
  File "C:\Users\vin\anaconda3\Lib\site-packages\werkzeug\serving.py", line 332, in execute
    application_iter = app(environ, start_response)
  File "C:\Users\vin\anaconda3\Lib\site-packages\flask\app.py", line 1536, in __call__
    return self.wsgi_app(environ, start_response)
  File "C:\Users\vin\anaconda3\Lib\site-packages\flask\app.py", line 1511, in wsgi_app
    response = self.full_dispatch_request()
  File "C:\Users\vin\anaconda3\Lib\site-packages\flask\app.py", line 917, in full_dispatch_request
    rv = self.dispatch_request()
  File "C:\Users\vin\anaconda3\Lib\site-packages\flask\app.py", line 902, in dispatch_request
    return self.ensure_sync(self.view_functions[rule.endpoint])(**view_args)  # type: ignore[no-any-return]
  File "G:\MNEMOS\service\app.py", line 2396, in search
    res = _runtime.search_documents(
  File "G:\MNEMOS\service\app.py", line 1201, in search_documents
    results, mode_meta = self._router.search(**{**_default_retrieval_kwargs, **_r1_retrieval_overrides})
  File "G:\MNEMOS\mnemos\retrieval\retrieval_router.py", line 1303, in search
    hits, rr_telemetry = self._rerank_with_budget(budget_plan, query, hits, t_e)
  File "G:\MNEMOS\mnemos\retrieval\retrieval_router.py", line 325, in _rerank_with_budget
    results, telemetry = self._apply_conditional_rerank(query, candidates, dense_latency_ms)
  File "G:\MNEMOS\mnemos\retrieval\retrieval_router.py", line 729, in _apply_conditional_rerank
    self._telemetry_sink.emit(telemetry)
  File "G:\MNEMOS\mnemos\retrieval\telemetry.py", line 50, in emit
    self.logger.info(json.dumps(event))
Message: '{"timestamp": "2026-07-02T20:52:55.910102+00:00", "request_id": "ee1bb10c-0dd3-402b-b54a-be407b015b9a", "query_hash": "821363755114453351", "query_family": "unknown", "query_family_confidence": 0.2, "rerank_eligible": false, "rerank_applied": false, "shadow_evaluated": true, "rerank_model": "BAAI/bge-reranker-base", "rerank_depth": 20, "rerank_skip_reason": "family_not_allowed", "dense_latency_ms": 24.463400011882186, "rerank_latency_ms": 136.42380002420396, "total_latency_ms": 160.88720003608614, "circuit_breaker_state": "closed", "dense_top_k": 8, "dense_top1_doc_id": "r1seed::benchmarks__results__retrieval_hygiene_r0_run_003.json::chunk061", "final_top1_doc_id": "r1seed::benchmarks__results__retrieval_hygiene_r0_run_003.json::chunk061", "timeout_occurred": false, "error_occurred": false, "service_healthy": true, "rerank_service_health": {"healthy": true, "model_loaded": true, "last_error": null, "warm": true, "latency_ms": 0.0}, "top3_changed": true, "top10_changed": false}'
Arguments: ()
2026-07-03 08:52:56,213 INFO [werkzeug] 127.0.0.1 - - [03/Jul/2026 08:52:56] "POST /v1/mnemos/search HTTP/1.1" 200 -
--- Logging error ---
Traceback (most recent call last):
  File "C:\Users\vin\anaconda3\Lib\logging\handlers.py", line 74, in emit
    self.doRollover()
  File "C:\Users\vin\anaconda3\Lib\logging\handlers.py", line 446, in doRollover
    self.rotate(self.baseFilename, dfn)
  File "C:\Users\vin\anaconda3\Lib\logging\handlers.py", line 115, in rotate
    os.rename(source, dest)
PermissionError: [WinError 32] The process cannot access the file because it is being used by another process: 'G:\\MNEMOS\\logs\\retrieval_telemetry.jsonl' -> 'G:\\MNEMOS\\logs\\retrieval_telemetry.jsonl.2026-07-01'
Call stack:
  File "C:\Users\vin\anaconda3\Lib\threading.py", line 1032, in _bootstrap
    self._bootstrap_inner()
  File "C:\Users\vin\anaconda3\Lib\threading.py", line 1075, in _bootstrap_inner
    self.run()
  File "C:\Users\vin\anaconda3\Lib\threading.py", line 1012, in run
    self._target(*self._args, **self._kwargs)
  File "C:\Users\vin\anaconda3\Lib\socketserver.py", line 692, in process_request_thread
    self.finish_request(request, client_address)
  File "C:\Users\vin\anaconda3\Lib\socketserver.py", line 362, in finish_request
    self.RequestHandlerClass(request, client_address, self)
  File "C:\Users\vin\anaconda3\Lib\socketserver.py", line 761, in __init__
    self.handle()
  File "C:\Users\vin\anaconda3\Lib\site-packages\werkzeug\serving.py", line 399, in handle
    super().handle()
  File "C:\Users\vin\anaconda3\Lib\http\server.py", line 436, in handle
    self.handle_one_request()
  File "C:\Users\vin\anaconda3\Lib\http\server.py", line 424, in handle_one_request
    method()
  File "C:\Users\vin\anaconda3\Lib\site-packages\werkzeug\serving.py", line 371, in run_wsgi
    execute(self.server.app)
  File "C:\Users\vin\anaconda3\Lib\site-packages\werkzeug\serving.py", line 332, in execute
    application_iter = app(environ, start_response)
  File "C:\Users\vin\anaconda3\Lib\site-packages\flask\app.py", line 1536, in __call__
    return self.wsgi_app(environ, start_response)
  File "C:\Users\vin\anaconda3\Lib\site-packages\flask\app.py", line 1511, in wsgi_app
    response = self.full_dispatch_request()
  File "C:\Users\vin\anaconda3\Lib\site-packages\flask\app.py", line 917, in full_dispatch_request
    rv = self.dispatch_request()
  File "C:\Users\vin\anaconda3\Lib\site-packages\flask\app.py", line 902, in dispatch_request
    return self.ensure_sync(self.view_functions[rule.endpoint])(**view_args)  # type: ignore[no-any-return]
  File "G:\MNEMOS\service\app.py", line 2396, in search
    res = _runtime.search_documents(
  File "G:\MNEMOS\service\app.py", line 1201, in search_documents
    results, mode_meta = self._router.search(**{**_default_retrieval_kwargs, **_r1_retrieval_overrides})
  File "G:\MNEMOS\mnemos\retrieval\retrieval_router.py", line 1303, in search
    hits, rr_telemetry = self._rerank_with_budget(budget_plan, query, hits, t_e)
  File "G:\MNEMOS\mnemos\retrieval\retrieval_router.py", line 325, in _rerank_with_budget
    results, telemetry = self._apply_conditional_rerank(query, candidates, dense_latency_ms)
  File "G:\MNEMOS\mnemos\retrieval\retrieval_router.py", line 729, in _apply_conditional_rerank
    self._telemetry_sink.emit(telemetry)
  File "G:\MNEMOS\mnemos\retrieval\telemetry.py", line 50, in emit
    self.logger.info(json.dumps(event))
Message: '{"timestamp": "2026-07-02T20:52:56.988825+00:00", "request_id": "27decece-1466-4d7c-9e8b-26ac369f2320", "query_hash": "990917947393755822", "query_family": "unknown", "query_family_confidence": 0.2, "rerank_eligible": false, "rerank_applied": false, "shadow_evaluated": true, "rerank_model": "BAAI/bge-reranker-base", "rerank_depth": 20, "rerank_skip_reason": "family_not_allowed", "dense_latency_ms": 9.071000036783516, "rerank_latency_ms": 132.1957999607548, "total_latency_ms": 141.26679999753833, "circuit_breaker_state": "closed", "dense_top_k": 8, "dense_top1_doc_id": "r1seed::docs__benchmarks__gatemem_g5__handoff_checklist.md::chunk000", "final_top1_doc_id": "r1seed::docs__benchmarks__gatemem_g5__handoff_checklist.md::chunk000", "timeout_occurred": false, "error_occurred": false, "service_healthy": true, "rerank_service_health": {"healthy": true, "model_loaded": true, "last_error": null, "warm": true, "latency_ms": 0.0}, "top3_changed": true, "top10_changed": false}'
Arguments: ()
2026-07-03 08:52:57,233 INFO [werkzeug] 127.0.0.1 - - [03/Jul/2026 08:52:57] "POST /v1/mnemos/search HTTP/1.1" 200 -
--- Logging error ---
Traceback (most recent call last):
  File "C:\Users\vin\anaconda3\Lib\logging\handlers.py", line 74, in emit
    self.doRollover()
  File "C:\Users\vin\anaconda3\Lib\logging\handlers.py", line 446, in doRollover
    self.rotate(self.baseFilename, dfn)
  File "C:\Users\vin\anaconda3\Lib\logging\handlers.py", line 115, in rotate
    os.rename(source, dest)
PermissionError: [WinError 32] The process cannot access the file because it is being used by another process: 'G:\\MNEMOS\\logs\\retrieval_telemetry.jsonl' -> 'G:\\MNEMOS\\logs\\retrieval_telemetry.jsonl.2026-07-01'
Call stack:
  File "C:\Users\vin\anaconda3\Lib\threading.py", line 1032, in _bootstrap
    self._bootstrap_inner()
  File "C:\Users\vin\anaconda3\Lib\threading.py", line 1075, in _bootstrap_inner
    self.run()
  File "C:\Users\vin\anaconda3\Lib\threading.py", line 1012, in run
    self._target(*self._args, **self._kwargs)
  File "C:\Users\vin\anaconda3\Lib\socketserver.py", line 692, in process_request_thread
    self.finish_request(request, client_address)
  File "C:\Users\vin\anaconda3\Lib\socketserver.py", line 362, in finish_request
    self.RequestHandlerClass(request, client_address, self)
  File "C:\Users\vin\anaconda3\Lib\socketserver.py", line 761, in __init__
    self.handle()
  File "C:\Users\vin\anaconda3\Lib\site-packages\werkzeug\serving.py", line 399, in handle
    super().handle()
  File "C:\Users\vin\anaconda3\Lib\http\server.py", line 436, in handle
    self.handle_one_request()
  File "C:\Users\vin\anaconda3\Lib\http\server.py", line 424, in handle_one_request
    method()
  File "C:\Users\vin\anaconda3\Lib\site-packages\werkzeug\serving.py", line 371, in run_wsgi
    execute(self.server.app)
  File "C:\Users\vin\anaconda3\Lib\site-packages\werkzeug\serving.py", line 332, in execute
    application_iter = app(environ, start_response)
  File "C:\Users\vin\anaconda3\Lib\site-packages\flask\app.py", line 1536, in __call__
    return self.wsgi_app(environ, start_response)
  File "C:\Users\vin\anaconda3\Lib\site-packages\flask\app.py", line 1511, in wsgi_app
    response = self.full_dispatch_request()
  File "C:\Users\vin\anaconda3\Lib\site-packages\flask\app.py", line 917, in full_dispatch_request
    rv = self.dispatch_request()
  File "C:\Users\vin\anaconda3\Lib\site-packages\flask\app.py", line 902, in dispatch_request
    return self.ensure_sync(self.view_functions[rule.endpoint])(**view_args)  # type: ignore[no-any-return]
  File "G:\MNEMOS\service\app.py", line 2396, in search
    res = _runtime.search_documents(
  File "G:\MNEMOS\service\app.py", line 1201, in search_documents
    results, mode_meta = self._router.search(**{**_default_retrieval_kwargs, **_r1_retrieval_overrides})
  File "G:\MNEMOS\mnemos\retrieval\retrieval_router.py", line 1303, in search
    hits, rr_telemetry = self._rerank_with_budget(budget_plan, query, hits, t_e)
  File "G:\MNEMOS\mnemos\retrieval\retrieval_router.py", line 325, in _rerank_with_budget
    results, telemetry = self._apply_conditional_rerank(query, candidates, dense_latency_ms)
  File "G:\MNEMOS\mnemos\retrieval\retrieval_router.py", line 729, in _apply_conditional_rerank
    self._telemetry_sink.emit(telemetry)
  File "G:\MNEMOS\mnemos\retrieval\telemetry.py", line 50, in emit
    self.logger.info(json.dumps(event))
Message: '{"timestamp": "2026-07-02T20:52:57.993330+00:00", "request_id": "3887186e-63dc-4686-b432-485b2121ff9a", "query_hash": "-3235850925057303609", "query_family": "unknown", "query_family_confidence": 0.2, "rerank_eligible": false, "rerank_applied": false, "shadow_evaluated": true, "rerank_model": "BAAI/bge-reranker-base", "rerank_depth": 20, "rerank_skip_reason": "family_not_allowed", "dense_latency_ms": 6.326699978671968, "rerank_latency_ms": 128.50450002588332, "total_latency_ms": 134.83120000455528, "circuit_breaker_state": "closed", "dense_top_k": 8, "dense_top1_doc_id": "r1seed::docs__benchmarks__gatemem_g5__README.md::chunk003", "final_top1_doc_id": "r1seed::docs__benchmarks__gatemem_g5__README.md::chunk003", "timeout_occurred": false, "error_occurred": false, "service_healthy": true, "rerank_service_health": {"healthy": true, "model_loaded": true, "last_error": null, "warm": true, "latency_ms": 0.0}, "top3_changed": true, "top10_changed": false}'
Arguments: ()
2026-07-03 08:52:58,237 INFO [werkzeug] 127.0.0.1 - - [03/Jul/2026 08:52:58] "POST /v1/mnemos/search HTTP/1.1" 200 -
--- Logging error ---
Traceback (most recent call last):
  File "C:\Users\vin\anaconda3\Lib\logging\handlers.py", line 74, in emit
    self.doRollover()
  File "C:\Users\vin\anaconda3\Lib\logging\handlers.py", line 446, in doRollover
    self.rotate(self.baseFilename, dfn)
  File "C:\Users\vin\anaconda3\Lib\logging\handlers.py", line 115, in rotate
    os.rename(source, dest)
PermissionError: [WinError 32] The process cannot access the file because it is being used by another process: 'G:\\MNEMOS\\logs\\retrieval_telemetry.jsonl' -> 'G:\\MNEMOS\\logs\\retrieval_telemetry.jsonl.2026-07-01'
Call stack:
  File "C:\Users\vin\anaconda3\Lib\threading.py", line 1032, in _bootstrap
    self._bootstrap_inner()
  File "C:\Users\vin\anaconda3\Lib\threading.py", line 1075, in _bootstrap_inner
    self.run()
  File "C:\Users\vin\anaconda3\Lib\threading.py", line 1012, in run
    self._target(*self._args, **self._kwargs)
  File "C:\Users\vin\anaconda3\Lib\socketserver.py", line 692, in process_request_thread
    self.finish_request(request, client_address)
  File "C:\Users\vin\anaconda3\Lib\socketserver.py", line 362, in finish_request
    self.RequestHandlerClass(request, client_address, self)
  File "C:\Users\vin\anaconda3\Lib\socketserver.py", line 761, in __init__
    self.handle()
  File "C:\Users\vin\anaconda3\Lib\site-packages\werkzeug\serving.py", line 399, in handle
    super().handle()
  File "C:\Users\vin\anaconda3\Lib\http\server.py", line 436, in handle
    self.handle_one_request()
  File "C:\Users\vin\anaconda3\Lib\http\server.py", line 424, in handle_one_request
    method()
  File "C:\Users\vin\anaconda3\Lib\site-packages\werkzeug\serving.py", line 371, in run_wsgi
    execute(self.server.app)
  File "C:\Users\vin\anaconda3\Lib\site-packages\werkzeug\serving.py", line 332, in execute
    application_iter = app(environ, start_response)
  File "C:\Users\vin\anaconda3\Lib\site-packages\flask\app.py", line 1536, in __call__
    return self.wsgi_app(environ, start_response)
  File "C:\Users\vin\anaconda3\Lib\site-packages\flask\app.py", line 1511, in wsgi_app
    response = self.full_dispatch_request()
  File "C:\Users\vin\anaconda3\Lib\site-packages\flask\app.py", line 917, in full_dispatch_request
    rv = self.dispatch_request()
  File "C:\Users\vin\anaconda3\Lib\site-packages\flask\app.py", line 902, in dispatch_request
    return self.ensure_sync(self.view_functions[rule.endpoint])(**view_args)  # type: ignore[no-any-return]
  File "G:\MNEMOS\service\app.py", line 2396, in search
    res = _runtime.search_documents(
  File "G:\MNEMOS\service\app.py", line 1201, in search_documents
    results, mode_meta = self._router.search(**{**_default_retrieval_kwargs, **_r1_retrieval_overrides})
  File "G:\MNEMOS\mnemos\retrieval\retrieval_router.py", line 1303, in search
    hits, rr_telemetry = self._rerank_with_budget(budget_plan, query, hits, t_e)
  File "G:\MNEMOS\mnemos\retrieval\retrieval_router.py", line 325, in _rerank_with_budget
    results, telemetry = self._apply_conditional_rerank(query, candidates, dense_latency_ms)
  File "G:\MNEMOS\mnemos\retrieval\retrieval_router.py", line 729, in _apply_conditional_rerank
    self._telemetry_sink.emit(telemetry)
  File "G:\MNEMOS\mnemos\retrieval\telemetry.py", line 50, in emit
    self.logger.info(json.dumps(event))
Message: '{"timestamp": "2026-07-02T20:52:58.960281+00:00", "request_id": "a8eeb19f-2d5a-436c-ac49-3b7e9eae5bbf", "query_hash": "4529813219801618783", "query_family": "unknown", "query_family_confidence": 0.2, "rerank_eligible": false, "rerank_applied": false, "shadow_evaluated": true, "rerank_model": "BAAI/bge-reranker-base", "rerank_depth": 20, "rerank_skip_reason": "family_not_allowed", "dense_latency_ms": 7.391299935989082, "rerank_latency_ms": 36.263099987991154, "total_latency_ms": 43.654399923980236, "circuit_breaker_state": "closed", "dense_top_k": 8, "dense_top1_doc_id": "r1seed::docs__adr__0013-gatemem-g4-offline-reference-implementation-proposal.md::chunk000", "final_top1_doc_id": "r1seed::docs__adr__0013-gatemem-g4-offline-reference-implementation-proposal.md::chunk000", "timeout_occurred": false, "error_occurred": false, "service_healthy": true, "rerank_service_health": {"healthy": true, "model_loaded": true, "last_error": null, "warm": true, "latency_ms": 0.0}, "top3_changed": true, "top10_changed": false}'
Arguments: ()
2026-07-03 08:52:59,113 INFO [werkzeug] 127.0.0.1 - - [03/Jul/2026 08:52:59] "POST /v1/mnemos/search HTTP/1.1" 200 -
--- Logging error ---
Traceback (most recent call last):
  File "C:\Users\vin\anaconda3\Lib\logging\handlers.py", line 74, in emit
    self.doRollover()
  File "C:\Users\vin\anaconda3\Lib\logging\handlers.py", line 446, in doRollover
    self.rotate(self.baseFilename, dfn)
  File "C:\Users\vin\anaconda3\Lib\logging\handlers.py", line 115, in rotate
    os.rename(source, dest)
PermissionError: [WinError 32] The process cannot access the file because it is being used by another process: 'G:\\MNEMOS\\logs\\retrieval_telemetry.jsonl' -> 'G:\\MNEMOS\\logs\\retrieval_telemetry.jsonl.2026-07-01'
Call stack:
  File "C:\Users\vin\anaconda3\Lib\threading.py", line 1032, in _bootstrap
    self._bootstrap_inner()
  File "C:\Users\vin\anaconda3\Lib\threading.py", line 1075, in _bootstrap_inner
    self.run()
  File "C:\Users\vin\anaconda3\Lib\threading.py", line 1012, in run
    self._target(*self._args, **self._kwargs)
  File "C:\Users\vin\anaconda3\Lib\socketserver.py", line 692, in process_request_thread
    self.finish_request(request, client_address)
  File "C:\Users\vin\anaconda3\Lib\socketserver.py", line 362, in finish_request
    self.RequestHandlerClass(request, client_address, self)
  File "C:\Users\vin\anaconda3\Lib\socketserver.py", line 761, in __init__
    self.handle()
  File "C:\Users\vin\anaconda3\Lib\site-packages\werkzeug\serving.py", line 399, in handle
    super().handle()
  File "C:\Users\vin\anaconda3\Lib\http\server.py", line 436, in handle
    self.handle_one_request()
  File "C:\Users\vin\anaconda3\Lib\http\server.py", line 424, in handle_one_request
    method()
  File "C:\Users\vin\anaconda3\Lib\site-packages\werkzeug\serving.py", line 371, in run_wsgi
    execute(self.server.app)
  File "C:\Users\vin\anaconda3\Lib\site-packages\werkzeug\serving.py", line 332, in execute
    application_iter = app(environ, start_response)
  File "C:\Users\vin\anaconda3\Lib\site-packages\flask\app.py", line 1536, in __call__
    return self.wsgi_app(environ, start_response)
  File "C:\Users\vin\anaconda3\Lib\site-packages\flask\app.py", line 1511, in wsgi_app
    response = self.full_dispatch_request()
  File "C:\Users\vin\anaconda3\Lib\site-packages\flask\app.py", line 917, in full_dispatch_request
    rv = self.dispatch_request()
  File "C:\Users\vin\anaconda3\Lib\site-packages\flask\app.py", line 902, in dispatch_request
    return self.ensure_sync(self.view_functions[rule.endpoint])(**view_args)  # type: ignore[no-any-return]
  File "G:\MNEMOS\service\app.py", line 2396, in search
    res = _runtime.search_documents(
  File "G:\MNEMOS\service\app.py", line 1201, in search_documents
    results, mode_meta = self._router.search(**{**_default_retrieval_kwargs, **_r1_retrieval_overrides})
  File "G:\MNEMOS\mnemos\retrieval\retrieval_router.py", line 1303, in search
    hits, rr_telemetry = self._rerank_with_budget(budget_plan, query, hits, t_e)
  File "G:\MNEMOS\mnemos\retrieval\retrieval_router.py", line 325, in _rerank_with_budget
    results, telemetry = self._apply_conditional_rerank(query, candidates, dense_latency_ms)
  File "G:\MNEMOS\mnemos\retrieval\retrieval_router.py", line 729, in _apply_conditional_rerank
    self._telemetry_sink.emit(telemetry)
  File "G:\MNEMOS\mnemos\retrieval\telemetry.py", line 50, in emit
    self.logger.info(json.dumps(event))
Message: '{"timestamp": "2026-07-02T20:52:59.840308+00:00", "request_id": "e5b926f0-9fee-4593-ad93-c550a796d661", "query_hash": "3455924700570179489", "query_family": "unknown", "query_family_confidence": 0.2, "rerank_eligible": false, "rerank_applied": false, "shadow_evaluated": true, "rerank_model": "BAAI/bge-reranker-base", "rerank_depth": 20, "rerank_skip_reason": "family_not_allowed", "dense_latency_ms": 9.236399899236858, "rerank_latency_ms": 37.658599903807044, "total_latency_ms": 46.8949998030439, "circuit_breaker_state": "closed", "dense_top_k": 8, "dense_top1_doc_id": "r1seed::docs__benchmarks__gatemem_g5__evaluator_protocol.md::chunk000", "final_top1_doc_id": "r1seed::docs__benchmarks__gatemem_g5__evaluator_protocol.md::chunk000", "timeout_occurred": false, "error_occurred": false, "service_healthy": true, "rerank_service_health": {"healthy": true, "model_loaded": true, "last_error": null, "warm": true, "latency_ms": 0.0}, "top3_changed": false, "top10_changed": false}'
Arguments: ()
2026-07-03 08:53:00,008 INFO [werkzeug] 127.0.0.1 - - [03/Jul/2026 08:53:00] "POST /v1/mnemos/search HTTP/1.1" 200 -
--- Logging error ---
Traceback (most recent call last):
  File "C:\Users\vin\anaconda3\Lib\logging\handlers.py", line 74, in emit
    self.doRollover()
  File "C:\Users\vin\anaconda3\Lib\logging\handlers.py", line 446, in doRollover
    self.rotate(self.baseFilename, dfn)
  File "C:\Users\vin\anaconda3\Lib\logging\handlers.py", line 115, in rotate
    os.rename(source, dest)
PermissionError: [WinError 32] The process cannot access the file because it is being used by another process: 'G:\\MNEMOS\\logs\\retrieval_telemetry.jsonl' -> 'G:\\MNEMOS\\logs\\retrieval_telemetry.jsonl.2026-07-01'
Call stack:
  File "C:\Users\vin\anaconda3\Lib\threading.py", line 1032, in _bootstrap
    self._bootstrap_inner()
  File "C:\Users\vin\anaconda3\Lib\threading.py", line 1075, in _bootstrap_inner
    self.run()
  File "C:\Users\vin\anaconda3\Lib\threading.py", line 1012, in run
    self._target(*self._args, **self._kwargs)
  File "C:\Users\vin\anaconda3\Lib\socketserver.py", line 692, in process_request_thread
    self.finish_request(request, client_address)
  File "C:\Users\vin\anaconda3\Lib\socketserver.py", line 362, in finish_request
    self.RequestHandlerClass(request, client_address, self)
  File "C:\Users\vin\anaconda3\Lib\socketserver.py", line 761, in __init__
    self.handle()
  File "C:\Users\vin\anaconda3\Lib\site-packages\werkzeug\serving.py", line 399, in handle
    super().handle()
  File "C:\Users\vin\anaconda3\Lib\http\server.py", line 436, in handle
    self.handle_one_request()
  File "C:\Users\vin\anaconda3\Lib\http\server.py", line 424, in handle_one_request
    method()
  File "C:\Users\vin\anaconda3\Lib\site-packages\werkzeug\serving.py", line 371, in run_wsgi
    execute(self.server.app)
  File "C:\Users\vin\anaconda3\Lib\site-packages\werkzeug\serving.py", line 332, in execute
    application_iter = app(environ, start_response)
  File "C:\Users\vin\anaconda3\Lib\site-packages\flask\app.py", line 1536, in __call__
    return self.wsgi_app(environ, start_response)
  File "C:\Users\vin\anaconda3\Lib\site-packages\flask\app.py", line 1511, in wsgi_app
    response = self.full_dispatch_request()
  File "C:\Users\vin\anaconda3\Lib\site-packages\flask\app.py", line 917, in full_dispatch_request
    rv = self.dispatch_request()
  File "C:\Users\vin\anaconda3\Lib\site-packages\flask\app.py", line 902, in dispatch_request
    return self.ensure_sync(self.view_functions[rule.endpoint])(**view_args)  # type: ignore[no-any-return]
  File "G:\MNEMOS\service\app.py", line 2396, in search
    res = _runtime.search_documents(
  File "G:\MNEMOS\service\app.py", line 1201, in search_documents
    results, mode_meta = self._router.search(**{**_default_retrieval_kwargs, **_r1_retrieval_overrides})
  File "G:\MNEMOS\mnemos\retrieval\retrieval_router.py", line 1303, in search
    hits, rr_telemetry = self._rerank_with_budget(budget_plan, query, hits, t_e)
  File "G:\MNEMOS\mnemos\retrieval\retrieval_router.py", line 325, in _rerank_with_budget
    results, telemetry = self._apply_conditional_rerank(query, candidates, dense_latency_ms)
  File "G:\MNEMOS\mnemos\retrieval\retrieval_router.py", line 729, in _apply_conditional_rerank
    self._telemetry_sink.emit(telemetry)
  File "G:\MNEMOS\mnemos\retrieval\telemetry.py", line 50, in emit
    self.logger.info(json.dumps(event))
Message: '{"timestamp": "2026-07-02T20:53:00.804268+00:00", "request_id": "0bcffc0d-3e4f-4960-b7dc-fb70e7d6763b", "query_hash": "6312887684553630801", "query_family": "unknown", "query_family_confidence": 0.2, "rerank_eligible": false, "rerank_applied": false, "shadow_evaluated": true, "rerank_model": "BAAI/bge-reranker-base", "rerank_depth": 20, "rerank_skip_reason": "family_not_allowed", "dense_latency_ms": 19.424199941568077, "rerank_latency_ms": 80.58419998269528, "total_latency_ms": 100.00839992426336, "circuit_breaker_state": "closed", "dense_top_k": 8, "dense_top1_doc_id": "r1seed::docs__reports__post_gatemem_authorized_backlog_closeout.md::chunk002", "final_top1_doc_id": "r1seed::docs__reports__post_gatemem_authorized_backlog_closeout.md::chunk002", "timeout_occurred": false, "error_occurred": false, "service_healthy": true, "rerank_service_health": {"healthy": true, "model_loaded": true, "last_error": null, "warm": true, "latency_ms": 0.0}, "top3_changed": true, "top10_changed": false}'
Arguments: ()
2026-07-03 08:53:01,004 INFO [werkzeug] 127.0.0.1 - - [03/Jul/2026 08:53:01] "POST /v1/mnemos/search HTTP/1.1" 200 -
--- Logging error ---
Traceback (most recent call last):
  File "C:\Users\vin\anaconda3\Lib\logging\handlers.py", line 74, in emit
    self.doRollover()
  File "C:\Users\vin\anaconda3\Lib\logging\handlers.py", line 446, in doRollover
    self.rotate(self.baseFilename, dfn)
  File "C:\Users\vin\anaconda3\Lib\logging\handlers.py", line 115, in rotate
    os.rename(source, dest)
PermissionError: [WinError 32] The process cannot access the file because it is being used by another process: 'G:\\MNEMOS\\logs\\retrieval_telemetry.jsonl' -> 'G:\\MNEMOS\\logs\\retrieval_telemetry.jsonl.2026-07-01'
Call stack:
  File "C:\Users\vin\anaconda3\Lib\threading.py", line 1032, in _bootstrap
    self._bootstrap_inner()
  File "C:\Users\vin\anaconda3\Lib\threading.py", line 1075, in _bootstrap_inner
    self.run()
  File "C:\Users\vin\anaconda3\Lib\threading.py", line 1012, in run
    self._target(*self._args, **self._kwargs)
  File "C:\Users\vin\anaconda3\Lib\socketserver.py", line 692, in process_request_thread
    self.finish_request(request, client_address)
  File "C:\Users\vin\anaconda3\Lib\socketserver.py", line 362, in finish_request
    self.RequestHandlerClass(request, client_address, self)
  File "C:\Users\vin\anaconda3\Lib\socketserver.py", line 761, in __init__
    self.handle()
  File "C:\Users\vin\anaconda3\Lib\site-packages\werkzeug\serving.py", line 399, in handle
    super().handle()
  File "C:\Users\vin\anaconda3\Lib\http\server.py", line 436, in handle
    self.handle_one_request()
  File "C:\Users\vin\anaconda3\Lib\http\server.py", line 424, in handle_one_request
    method()
  File "C:\Users\vin\anaconda3\Lib\site-packages\werkzeug\serving.py", line 371, in run_wsgi
    execute(self.server.app)
  File "C:\Users\vin\anaconda3\Lib\site-packages\werkzeug\serving.py", line 332, in execute
    application_iter = app(environ, start_response)
  File "C:\Users\vin\anaconda3\Lib\site-packages\flask\app.py", line 1536, in __call__
    return self.wsgi_app(environ, start_response)
  File "C:\Users\vin\anaconda3\Lib\site-packages\flask\app.py", line 1511, in wsgi_app
    response = self.full_dispatch_request()
  File "C:\Users\vin\anaconda3\Lib\site-packages\flask\app.py", line 917, in full_dispatch_request
    rv = self.dispatch_request()
  File "C:\Users\vin\anaconda3\Lib\site-packages\flask\app.py", line 902, in dispatch_request
    return self.ensure_sync(self.view_functions[rule.endpoint])(**view_args)  # type: ignore[no-any-return]
  File "G:\MNEMOS\service\app.py", line 2396, in search
    res = _runtime.search_documents(
  File "G:\MNEMOS\service\app.py", line 1201, in search_documents
    results, mode_meta = self._router.search(**{**_default_retrieval_kwargs, **_r1_retrieval_overrides})
  File "G:\MNEMOS\mnemos\retrieval\retrieval_router.py", line 1303, in search
    hits, rr_telemetry = self._rerank_with_budget(budget_plan, query, hits, t_e)
  File "G:\MNEMOS\mnemos\retrieval\retrieval_router.py", line 325, in _rerank_with_budget
    results, telemetry = self._apply_conditional_rerank(query, candidates, dense_latency_ms)
  File "G:\MNEMOS\mnemos\retrieval\retrieval_router.py", line 729, in _apply_conditional_rerank
    self._telemetry_sink.emit(telemetry)
  File "G:\MNEMOS\mnemos\retrieval\telemetry.py", line 50, in emit
    self.logger.info(json.dumps(event))
Message: '{"timestamp": "2026-07-02T20:53:01.775716+00:00", "request_id": "8677e23e-c6c7-40fd-8357-b40043ca8b60", "query_hash": "5145569152227980313", "query_family": "unknown", "query_family_confidence": 0.2, "rerank_eligible": false, "rerank_applied": false, "shadow_evaluated": true, "rerank_model": "BAAI/bge-reranker-base", "rerank_depth": 20, "rerank_skip_reason": "family_not_allowed", "dense_latency_ms": 6.442999932914972, "rerank_latency_ms": 80.49510000273585, "total_latency_ms": 86.93809993565083, "circuit_breaker_state": "closed", "dense_top_k": 8, "dense_top1_doc_id": "r1seed::docs__benchmarks__gatemem_g3_authorization_disclosure_semantics.md::chunk000", "final_top1_doc_id": "r1seed::docs__benchmarks__gatemem_g3_authorization_disclosure_semantics.md::chunk000", "timeout_occurred": false, "error_occurred": false, "service_healthy": true, "rerank_service_health": {"healthy": true, "model_loaded": true, "last_error": null, "warm": true, "latency_ms": 0.0}, "top3_changed": true, "top10_changed": false}'
Arguments: ()
2026-07-03 08:53:01,977 INFO [werkzeug] 127.0.0.1 - - [03/Jul/2026 08:53:01] "POST /v1/mnemos/search HTTP/1.1" 200 -
--- Logging error ---
Traceback (most recent call last):
  File "C:\Users\vin\anaconda3\Lib\logging\handlers.py", line 74, in emit
    self.doRollover()
  File "C:\Users\vin\anaconda3\Lib\logging\handlers.py", line 446, in doRollover
    self.rotate(self.baseFilename, dfn)
  File "C:\Users\vin\anaconda3\Lib\logging\handlers.py", line 115, in rotate
    os.rename(source, dest)
PermissionError: [WinError 32] The process cannot access the file because it is being used by another process: 'G:\\MNEMOS\\logs\\retrieval_telemetry.jsonl' -> 'G:\\MNEMOS\\logs\\retrieval_telemetry.jsonl.2026-07-01'
Call stack:
  File "C:\Users\vin\anaconda3\Lib\threading.py", line 1032, in _bootstrap
    self._bootstrap_inner()
  File "C:\Users\vin\anaconda3\Lib\threading.py", line 1075, in _bootstrap_inner
    self.run()
  File "C:\Users\vin\anaconda3\Lib\threading.py", line 1012, in run
    self._target(*self._args, **self._kwargs)
  File "C:\Users\vin\anaconda3\Lib\socketserver.py", line 692, in process_request_thread
    self.finish_request(request, client_address)
  File "C:\Users\vin\anaconda3\Lib\socketserver.py", line 362, in finish_request
    self.RequestHandlerClass(request, client_address, self)
  File "C:\Users\vin\anaconda3\Lib\socketserver.py", line 761, in __init__
    self.handle()
  File "C:\Users\vin\anaconda3\Lib\site-packages\werkzeug\serving.py", line 399, in handle
    super().handle()
  File "C:\Users\vin\anaconda3\Lib\http\server.py", line 436, in handle
    self.handle_one_request()
  File "C:\Users\vin\anaconda3\Lib\http\server.py", line 424, in handle_one_request
    method()
  File "C:\Users\vin\anaconda3\Lib\site-packages\werkzeug\serving.py", line 371, in run_wsgi
    execute(self.server.app)
  File "C:\Users\vin\anaconda3\Lib\site-packages\werkzeug\serving.py", line 332, in execute
    application_iter = app(environ, start_response)
  File "C:\Users\vin\anaconda3\Lib\site-packages\flask\app.py", line 1536, in __call__
    return self.wsgi_app(environ, start_response)
  File "C:\Users\vin\anaconda3\Lib\site-packages\flask\app.py", line 1511, in wsgi_app
    response = self.full_dispatch_request()
  File "C:\Users\vin\anaconda3\Lib\site-packages\flask\app.py", line 917, in full_dispatch_request
    rv = self.dispatch_request()
  File "C:\Users\vin\anaconda3\Lib\site-packages\flask\app.py", line 902, in dispatch_request
    return self.ensure_sync(self.view_functions[rule.endpoint])(**view_args)  # type: ignore[no-any-return]
  File "G:\MNEMOS\service\app.py", line 2396, in search
    res = _runtime.search_documents(
  File "G:\MNEMOS\service\app.py", line 1201, in search_documents
    results, mode_meta = self._router.search(**{**_default_retrieval_kwargs, **_r1_retrieval_overrides})
  File "G:\MNEMOS\mnemos\retrieval\retrieval_router.py", line 1303, in search
    hits, rr_telemetry = self._rerank_with_budget(budget_plan, query, hits, t_e)
  File "G:\MNEMOS\mnemos\retrieval\retrieval_router.py", line 325, in _rerank_with_budget
    results, telemetry = self._apply_conditional_rerank(query, candidates, dense_latency_ms)
  File "G:\MNEMOS\mnemos\retrieval\retrieval_router.py", line 729, in _apply_conditional_rerank
    self._telemetry_sink.emit(telemetry)
  File "G:\MNEMOS\mnemos\retrieval\telemetry.py", line 50, in emit
    self.logger.info(json.dumps(event))
Message: '{"timestamp": "2026-07-02T20:53:02.856020+00:00", "request_id": "bf64d18c-8c30-4b9c-adf2-b0e14d4d667c", "query_hash": "-4166520140229367867", "query_family": "unknown", "query_family_confidence": 0.2, "rerank_eligible": false, "rerank_applied": false, "shadow_evaluated": true, "rerank_model": "BAAI/bge-reranker-base", "rerank_depth": 20, "rerank_skip_reason": "family_not_allowed", "dense_latency_ms": 20.750600029714406, "rerank_latency_ms": 144.33819998521358, "total_latency_ms": 165.08880001492798, "circuit_breaker_state": "closed", "dense_top_k": 8, "dense_top1_doc_id": "r1seed::docs__evidence_admission_and_budgeting_r0_closeout.md::chunk000", "final_top1_doc_id": "r1seed::docs__evidence_admission_and_budgeting_r0_closeout.md::chunk000", "timeout_occurred": false, "error_occurred": false, "service_healthy": true, "rerank_service_health": {"healthy": true, "model_loaded": true, "last_error": null, "warm": true, "latency_ms": 0.0}, "top3_changed": true, "top10_changed": false}'
Arguments: ()
2026-07-03 08:53:03,141 INFO [werkzeug] 127.0.0.1 - - [03/Jul/2026 08:53:03] "POST /v1/mnemos/search HTTP/1.1" 200 -
--- Logging error ---
Traceback (most recent call last):
  File "C:\Users\vin\anaconda3\Lib\logging\handlers.py", line 74, in emit
    self.doRollover()
  File "C:\Users\vin\anaconda3\Lib\logging\handlers.py", line 446, in doRollover
    self.rotate(self.baseFilename, dfn)
  File "C:\Users\vin\anaconda3\Lib\logging\handlers.py", line 115, in rotate
    os.rename(source, dest)
PermissionError: [WinError 32] The process cannot access the file because it is being used by another process: 'G:\\MNEMOS\\logs\\retrieval_telemetry.jsonl' -> 'G:\\MNEMOS\\logs\\retrieval_telemetry.jsonl.2026-07-01'
Call stack:
  File "C:\Users\vin\anaconda3\Lib\threading.py", line 1032, in _bootstrap
    self._bootstrap_inner()
  File "C:\Users\vin\anaconda3\Lib\threading.py", line 1075, in _bootstrap_inner
    self.run()
  File "C:\Users\vin\anaconda3\Lib\threading.py", line 1012, in run
    self._target(*self._args, **self._kwargs)
  File "C:\Users\vin\anaconda3\Lib\socketserver.py", line 692, in process_request_thread
    self.finish_request(request, client_address)
  File "C:\Users\vin\anaconda3\Lib\socketserver.py", line 362, in finish_request
    self.RequestHandlerClass(request, client_address, self)
  File "C:\Users\vin\anaconda3\Lib\socketserver.py", line 761, in __init__
    self.handle()
  File "C:\Users\vin\anaconda3\Lib\site-packages\werkzeug\serving.py", line 399, in handle
    super().handle()
  File "C:\Users\vin\anaconda3\Lib\http\server.py", line 436, in handle
    self.handle_one_request()
  File "C:\Users\vin\anaconda3\Lib\http\server.py", line 424, in handle_one_request
    method()
  File "C:\Users\vin\anaconda3\Lib\site-packages\werkzeug\serving.py", line 371, in run_wsgi
    execute(self.server.app)
  File "C:\Users\vin\anaconda3\Lib\site-packages\werkzeug\serving.py", line 332, in execute
    application_iter = app(environ, start_response)
  File "C:\Users\vin\anaconda3\Lib\site-packages\flask\app.py", line 1536, in __call__
    return self.wsgi_app(environ, start_response)
  File "C:\Users\vin\anaconda3\Lib\site-packages\flask\app.py", line 1511, in wsgi_app
    response = self.full_dispatch_request()
  File "C:\Users\vin\anaconda3\Lib\site-packages\flask\app.py", line 917, in full_dispatch_request
    rv = self.dispatch_request()
  File "C:\Users\vin\anaconda3\Lib\site-packages\flask\app.py", line 902, in dispatch_request
    return self.ensure_sync(self.view_functions[rule.endpoint])(**view_args)  # type: ignore[no-any-return]
  File "G:\MNEMOS\service\app.py", line 2396, in search
    res = _runtime.search_documents(
  File "G:\MNEMOS\service\app.py", line 1201, in search_documents
    results, mode_meta = self._router.search(**{**_default_retrieval_kwargs, **_r1_retrieval_overrides})
  File "G:\MNEMOS\mnemos\retrieval\retrieval_router.py", line 1303, in search
    hits, rr_telemetry = self._rerank_with_budget(budget_plan, query, hits, t_e)
  File "G:\MNEMOS\mnemos\retrieval\retrieval_router.py", line 325, in _rerank_with_budget
    results, telemetry = self._apply_conditional_rerank(query, candidates, dense_latency_ms)
  File "G:\MNEMOS\mnemos\retrieval\retrieval_router.py", line 729, in _apply_conditional_rerank
    self._telemetry_sink.emit(telemetry)
  File "G:\MNEMOS\mnemos\retrieval\telemetry.py", line 50, in emit
    self.logger.info(json.dumps(event))
Message: '{"timestamp": "2026-07-02T20:53:04.021253+00:00", "request_id": "e393c073-a652-4674-b17b-e930c96d9356", "query_hash": "248858727410873267", "query_family": "unknown", "query_family_confidence": 0.2, "rerank_eligible": false, "rerank_applied": false, "shadow_evaluated": true, "rerank_model": "BAAI/bge-reranker-base", "rerank_depth": 20, "rerank_skip_reason": "family_not_allowed", "dense_latency_ms": 20.38110001012683, "rerank_latency_ms": 131.03270006831735, "total_latency_ms": 151.41380007844418, "circuit_breaker_state": "closed", "dense_top_k": 8, "dense_top1_doc_id": "r1seed::docs__evidence_admission_and_budgeting_r0_closeout.md::chunk000", "final_top1_doc_id": "r1seed::docs__evidence_admission_and_budgeting_r0_closeout.md::chunk000", "timeout_occurred": false, "error_occurred": false, "service_healthy": true, "rerank_service_health": {"healthy": true, "model_loaded": true, "last_error": null, "warm": true, "latency_ms": 0.0}, "top3_changed": true, "top10_changed": false}'
Arguments: ()
2026-07-03 08:53:04,283 INFO [werkzeug] 127.0.0.1 - - [03/Jul/2026 08:53:04] "POST /v1/mnemos/search HTTP/1.1" 200 -
--- Logging error ---
Traceback (most recent call last):
  File "C:\Users\vin\anaconda3\Lib\logging\handlers.py", line 74, in emit
    self.doRollover()
  File "C:\Users\vin\anaconda3\Lib\logging\handlers.py", line 446, in doRollover
    self.rotate(self.baseFilename, dfn)
  File "C:\Users\vin\anaconda3\Lib\logging\handlers.py", line 115, in rotate
    os.rename(source, dest)
PermissionError: [WinError 32] The process cannot access the file because it is being used by another process: 'G:\\MNEMOS\\logs\\retrieval_telemetry.jsonl' -> 'G:\\MNEMOS\\logs\\retrieval_telemetry.jsonl.2026-07-01'
Call stack:
  File "C:\Users\vin\anaconda3\Lib\threading.py", line 1032, in _bootstrap
    self._bootstrap_inner()
  File "C:\Users\vin\anaconda3\Lib\threading.py", line 1075, in _bootstrap_inner
    self.run()
  File "C:\Users\vin\anaconda3\Lib\threading.py", line 1012, in run
    self._target(*self._args, **self._kwargs)
  File "C:\Users\vin\anaconda3\Lib\socketserver.py", line 692, in process_request_thread
    self.finish_request(request, client_address)
  File "C:\Users\vin\anaconda3\Lib\socketserver.py", line 362, in finish_request
    self.RequestHandlerClass(request, client_address, self)
  File "C:\Users\vin\anaconda3\Lib\socketserver.py", line 761, in __init__
    self.handle()
  File "C:\Users\vin\anaconda3\Lib\site-packages\werkzeug\serving.py", line 399, in handle
    super().handle()
  File "C:\Users\vin\anaconda3\Lib\http\server.py", line 436, in handle
    self.handle_one_request()
  File "C:\Users\vin\anaconda3\Lib\http\server.py", line 424, in handle_one_request
    method()
  File "C:\Users\vin\anaconda3\Lib\site-packages\werkzeug\serving.py", line 371, in run_wsgi
    execute(self.server.app)
  File "C:\Users\vin\anaconda3\Lib\site-packages\werkzeug\serving.py", line 332, in execute
    application_iter = app(environ, start_response)
  File "C:\Users\vin\anaconda3\Lib\site-packages\flask\app.py", line 1536, in __call__
    return self.wsgi_app(environ, start_response)
  File "C:\Users\vin\anaconda3\Lib\site-packages\flask\app.py", line 1511, in wsgi_app
    response = self.full_dispatch_request()
  File "C:\Users\vin\anaconda3\Lib\site-packages\flask\app.py", line 917, in full_dispatch_request
    rv = self.dispatch_request()
  File "C:\Users\vin\anaconda3\Lib\site-packages\flask\app.py", line 902, in dispatch_request
    return self.ensure_sync(self.view_functions[rule.endpoint])(**view_args)  # type: ignore[no-any-return]
  File "G:\MNEMOS\service\app.py", line 2396, in search
    res = _runtime.search_documents(
  File "G:\MNEMOS\service\app.py", line 1201, in search_documents
    results, mode_meta = self._router.search(**{**_default_retrieval_kwargs, **_r1_retrieval_overrides})
  File "G:\MNEMOS\mnemos\retrieval\retrieval_router.py", line 1303, in search
    hits, rr_telemetry = self._rerank_with_budget(budget_plan, query, hits, t_e)
  File "G:\MNEMOS\mnemos\retrieval\retrieval_router.py", line 325, in _rerank_with_budget
    results, telemetry = self._apply_conditional_rerank(query, candidates, dense_latency_ms)
  File "G:\MNEMOS\mnemos\retrieval\retrieval_router.py", line 729, in _apply_conditional_rerank
    self._telemetry_sink.emit(telemetry)
  File "G:\MNEMOS\mnemos\retrieval\telemetry.py", line 50, in emit
    self.logger.info(json.dumps(event))
Message: '{"timestamp": "2026-07-02T20:53:05.141924+00:00", "request_id": "39712a31-06f7-4cf8-92ac-37f5b18a6164", "query_hash": "-9067491080789775056", "query_family": "unknown", "query_family_confidence": 0.2, "rerank_eligible": false, "rerank_applied": false, "shadow_evaluated": true, "rerank_model": "BAAI/bge-reranker-base", "rerank_depth": 20, "rerank_skip_reason": "family_not_allowed", "dense_latency_ms": 27.81270002014935, "rerank_latency_ms": 36.529800039716065, "total_latency_ms": 64.34250005986542, "circuit_breaker_state": "closed", "dense_top_k": 8, "dense_top1_doc_id": "r1seed::benchmarks__results__retrieval_hygiene_r0_closeout.md::chunk000", "final_top1_doc_id": "r1seed::benchmarks__results__retrieval_hygiene_r0_closeout.md::chunk000", "timeout_occurred": false, "error_occurred": false, "service_healthy": true, "rerank_service_health": {"healthy": true, "model_loaded": true, "last_error": null, "warm": true, "latency_ms": 0.0}, "top3_changed": true, "top10_changed": false}'
Arguments: ()
2026-07-03 08:53:05,333 INFO [werkzeug] 127.0.0.1 - - [03/Jul/2026 08:53:05] "POST /v1/mnemos/search HTTP/1.1" 200 -
--- Logging error ---
Traceback (most recent call last):
  File "C:\Users\vin\anaconda3\Lib\logging\handlers.py", line 74, in emit
    self.doRollover()
  File "C:\Users\vin\anaconda3\Lib\logging\handlers.py", line 446, in doRollover
    self.rotate(self.baseFilename, dfn)
  File "C:\Users\vin\anaconda3\Lib\logging\handlers.py", line 115, in rotate
    os.rename(source, dest)
PermissionError: [WinError 32] The process cannot access the file because it is being used by another process: 'G:\\MNEMOS\\logs\\retrieval_telemetry.jsonl' -> 'G:\\MNEMOS\\logs\\retrieval_telemetry.jsonl.2026-07-01'
Call stack:
  File "C:\Users\vin\anaconda3\Lib\threading.py", line 1032, in _bootstrap
    self._bootstrap_inner()
  File "C:\Users\vin\anaconda3\Lib\threading.py", line 1075, in _bootstrap_inner
    self.run()
  File "C:\Users\vin\anaconda3\Lib\threading.py", line 1012, in run
    self._target(*self._args, **self._kwargs)
  File "C:\Users\vin\anaconda3\Lib\socketserver.py", line 692, in process_request_thread
    self.finish_request(request, client_address)
  File "C:\Users\vin\anaconda3\Lib\socketserver.py", line 362, in finish_request
    self.RequestHandlerClass(request, client_address, self)
  File "C:\Users\vin\anaconda3\Lib\socketserver.py", line 761, in __init__
    self.handle()
  File "C:\Users\vin\anaconda3\Lib\site-packages\werkzeug\serving.py", line 399, in handle
    super().handle()
  File "C:\Users\vin\anaconda3\Lib\http\server.py", line 436, in handle
    self.handle_one_request()
  File "C:\Users\vin\anaconda3\Lib\http\server.py", line 424, in handle_one_request
    method()
  File "C:\Users\vin\anaconda3\Lib\site-packages\werkzeug\serving.py", line 371, in run_wsgi
    execute(self.server.app)
  File "C:\Users\vin\anaconda3\Lib\site-packages\werkzeug\serving.py", line 332, in execute
    application_iter = app(environ, start_response)
  File "C:\Users\vin\anaconda3\Lib\site-packages\flask\app.py", line 1536, in __call__
    return self.wsgi_app(environ, start_response)
  File "C:\Users\vin\anaconda3\Lib\site-packages\flask\app.py", line 1511, in wsgi_app
    response = self.full_dispatch_request()
  File "C:\Users\vin\anaconda3\Lib\site-packages\flask\app.py", line 917, in full_dispatch_request
    rv = self.dispatch_request()
  File "C:\Users\vin\anaconda3\Lib\site-packages\flask\app.py", line 902, in dispatch_request
    return self.ensure_sync(self.view_functions[rule.endpoint])(**view_args)  # type: ignore[no-any-return]
  File "G:\MNEMOS\service\app.py", line 2396, in search
    res = _runtime.search_documents(
  File "G:\MNEMOS\service\app.py", line 1201, in search_documents
    results, mode_meta = self._router.search(**{**_default_retrieval_kwargs, **_r1_retrieval_overrides})
  File "G:\MNEMOS\mnemos\retrieval\retrieval_router.py", line 1303, in search
    hits, rr_telemetry = self._rerank_with_budget(budget_plan, query, hits, t_e)
  File "G:\MNEMOS\mnemos\retrieval\retrieval_router.py", line 325, in _rerank_with_budget
    results, telemetry = self._apply_conditional_rerank(query, candidates, dense_latency_ms)
  File "G:\MNEMOS\mnemos\retrieval\retrieval_router.py", line 729, in _apply_conditional_rerank
    self._telemetry_sink.emit(telemetry)
  File "G:\MNEMOS\mnemos\retrieval\telemetry.py", line 50, in emit
    self.logger.info(json.dumps(event))
Message: '{"timestamp": "2026-07-02T20:53:06.174107+00:00", "request_id": "9faeb325-39f6-41fe-a667-5e4b2be14835", "query_hash": "7789454473473667778", "query_family": "unknown", "query_family_confidence": 0.2, "rerank_eligible": false, "rerank_applied": false, "shadow_evaluated": true, "rerank_model": "BAAI/bge-reranker-base", "rerank_depth": 20, "rerank_skip_reason": "family_not_allowed", "dense_latency_ms": 7.92649993672967, "rerank_latency_ms": 73.59530008397996, "total_latency_ms": 81.52180002070963, "circuit_breaker_state": "closed", "dense_top_k": 8, "dense_top1_doc_id": "r1seed::docs__associative_routing_e2_closeout.md::chunk000", "final_top1_doc_id": "r1seed::docs__associative_routing_e2_closeout.md::chunk000", "timeout_occurred": false, "error_occurred": false, "service_healthy": true, "rerank_service_health": {"healthy": true, "model_loaded": true, "last_error": null, "warm": true, "latency_ms": 0.0}, "top3_changed": true, "top10_changed": false}'
Arguments: ()
2026-07-03 08:53:06,363 INFO [werkzeug] 127.0.0.1 - - [03/Jul/2026 08:53:06] "POST /v1/mnemos/search HTTP/1.1" 200 -
--- Logging error ---
Traceback (most recent call last):
  File "C:\Users\vin\anaconda3\Lib\logging\handlers.py", line 74, in emit
    self.doRollover()
  File "C:\Users\vin\anaconda3\Lib\logging\handlers.py", line 446, in doRollover
    self.rotate(self.baseFilename, dfn)
  File "C:\Users\vin\anaconda3\Lib\logging\handlers.py", line 115, in rotate
    os.rename(source, dest)
PermissionError: [WinError 32] The process cannot access the file because it is being used by another process: 'G:\\MNEMOS\\logs\\retrieval_telemetry.jsonl' -> 'G:\\MNEMOS\\logs\\retrieval_telemetry.jsonl.2026-07-01'
Call stack:
  File "C:\Users\vin\anaconda3\Lib\threading.py", line 1032, in _bootstrap
    self._bootstrap_inner()
  File "C:\Users\vin\anaconda3\Lib\threading.py", line 1075, in _bootstrap_inner
    self.run()
  File "C:\Users\vin\anaconda3\Lib\threading.py", line 1012, in run
    self._target(*self._args, **self._kwargs)
  File "C:\Users\vin\anaconda3\Lib\socketserver.py", line 692, in process_request_thread
    self.finish_request(request, client_address)
  File "C:\Users\vin\anaconda3\Lib\socketserver.py", line 362, in finish_request
    self.RequestHandlerClass(request, client_address, self)
  File "C:\Users\vin\anaconda3\Lib\socketserver.py", line 761, in __init__
    self.handle()
  File "C:\Users\vin\anaconda3\Lib\site-packages\werkzeug\serving.py", line 399, in handle
    super().handle()
  File "C:\Users\vin\anaconda3\Lib\http\server.py", line 436, in handle
    self.handle_one_request()
  File "C:\Users\vin\anaconda3\Lib\http\server.py", line 424, in handle_one_request
    method()
  File "C:\Users\vin\anaconda3\Lib\site-packages\werkzeug\serving.py", line 371, in run_wsgi
    execute(self.server.app)
  File "C:\Users\vin\anaconda3\Lib\site-packages\werkzeug\serving.py", line 332, in execute
    application_iter = app(environ, start_response)
  File "C:\Users\vin\anaconda3\Lib\site-packages\flask\app.py", line 1536, in __call__
    return self.wsgi_app(environ, start_response)
  File "C:\Users\vin\anaconda3\Lib\site-packages\flask\app.py", line 1511, in wsgi_app
    response = self.full_dispatch_request()
  File "C:\Users\vin\anaconda3\Lib\site-packages\flask\app.py", line 917, in full_dispatch_request
    rv = self.dispatch_request()
  File "C:\Users\vin\anaconda3\Lib\site-packages\flask\app.py", line 902, in dispatch_request
    return self.ensure_sync(self.view_functions[rule.endpoint])(**view_args)  # type: ignore[no-any-return]
  File "G:\MNEMOS\service\app.py", line 2396, in search
    res = _runtime.search_documents(
  File "G:\MNEMOS\service\app.py", line 1201, in search_documents
    results, mode_meta = self._router.search(**{**_default_retrieval_kwargs, **_r1_retrieval_overrides})
  File "G:\MNEMOS\mnemos\retrieval\retrieval_router.py", line 1303, in search
    hits, rr_telemetry = self._rerank_with_budget(budget_plan, query, hits, t_e)
  File "G:\MNEMOS\mnemos\retrieval\retrieval_router.py", line 325, in _rerank_with_budget
    results, telemetry = self._apply_conditional_rerank(query, candidates, dense_latency_ms)
  File "G:\MNEMOS\mnemos\retrieval\retrieval_router.py", line 729, in _apply_conditional_rerank
    self._telemetry_sink.emit(telemetry)
  File "G:\MNEMOS\mnemos\retrieval\telemetry.py", line 50, in emit
    self.logger.info(json.dumps(event))
Message: '{"timestamp": "2026-07-02T20:53:07.068524+00:00", "request_id": "b7f145ec-f9dc-493d-a0ab-1d3d44984a38", "query_hash": "-898591942271383985", "query_family": "unknown", "query_family_confidence": 0.2, "rerank_eligible": false, "rerank_applied": false, "shadow_evaluated": true, "rerank_model": "BAAI/bge-reranker-base", "rerank_depth": 20, "rerank_skip_reason": "family_not_allowed", "dense_latency_ms": 7.190499920397997, "rerank_latency_ms": 73.94699996802956, "total_latency_ms": 81.13749988842756, "circuit_breaker_state": "closed", "dense_top_k": 8, "dense_top1_doc_id": "r1seed::docs__associative_routing_e2_design_note.md::chunk000", "final_top1_doc_id": "r1seed::docs__associative_routing_e2_design_note.md::chunk000", "timeout_occurred": false, "error_occurred": false, "service_healthy": true, "rerank_service_health": {"healthy": true, "model_loaded": true, "last_error": null, "warm": true, "latency_ms": 0.0}, "top3_changed": true, "top10_changed": false}'
Arguments: ()
2026-07-03 08:53:07,261 INFO [werkzeug] 127.0.0.1 - - [03/Jul/2026 08:53:07] "POST /v1/mnemos/search HTTP/1.1" 200 -
--- Logging error ---
Traceback (most recent call last):
  File "C:\Users\vin\anaconda3\Lib\logging\handlers.py", line 74, in emit
    self.doRollover()
  File "C:\Users\vin\anaconda3\Lib\logging\handlers.py", line 446, in doRollover
    self.rotate(self.baseFilename, dfn)
  File "C:\Users\vin\anaconda3\Lib\logging\handlers.py", line 115, in rotate
    os.rename(source, dest)
PermissionError: [WinError 32] The process cannot access the file because it is being used by another process: 'G:\\MNEMOS\\logs\\retrieval_telemetry.jsonl' -> 'G:\\MNEMOS\\logs\\retrieval_telemetry.jsonl.2026-07-01'
Call stack:
  File "C:\Users\vin\anaconda3\Lib\threading.py", line 1032, in _bootstrap
    self._bootstrap_inner()
  File "C:\Users\vin\anaconda3\Lib\threading.py", line 1075, in _bootstrap_inner
    self.run()
  File "C:\Users\vin\anaconda3\Lib\threading.py", line 1012, in run
    self._target(*self._args, **self._kwargs)
  File "C:\Users\vin\anaconda3\Lib\socketserver.py", line 692, in process_request_thread
    self.finish_request(request, client_address)
  File "C:\Users\vin\anaconda3\Lib\socketserver.py", line 362, in finish_request
    self.RequestHandlerClass(request, client_address, self)
  File "C:\Users\vin\anaconda3\Lib\socketserver.py", line 761, in __init__
    self.handle()
  File "C:\Users\vin\anaconda3\Lib\site-packages\werkzeug\serving.py", line 399, in handle
    super().handle()
  File "C:\Users\vin\anaconda3\Lib\http\server.py", line 436, in handle
    self.handle_one_request()
  File "C:\Users\vin\anaconda3\Lib\http\server.py", line 424, in handle_one_request
    method()
  File "C:\Users\vin\anaconda3\Lib\site-packages\werkzeug\serving.py", line 371, in run_wsgi
    execute(self.server.app)
  File "C:\Users\vin\anaconda3\Lib\site-packages\werkzeug\serving.py", line 332, in execute
    application_iter = app(environ, start_response)
  File "C:\Users\vin\anaconda3\Lib\site-packages\flask\app.py", line 1536, in __call__
    return self.wsgi_app(environ, start_response)
  File "C:\Users\vin\anaconda3\Lib\site-packages\flask\app.py", line 1511, in wsgi_app
    response = self.full_dispatch_request()
  File "C:\Users\vin\anaconda3\Lib\site-packages\flask\app.py", line 917, in full_dispatch_request
    rv = self.dispatch_request()
  File "C:\Users\vin\anaconda3\Lib\site-packages\flask\app.py", line 902, in dispatch_request
    return self.ensure_sync(self.view_functions[rule.endpoint])(**view_args)  # type: ignore[no-any-return]
  File "G:\MNEMOS\service\app.py", line 2396, in search
    res = _runtime.search_documents(
  File "G:\MNEMOS\service\app.py", line 1201, in search_documents
    results, mode_meta = self._router.search(**{**_default_retrieval_kwargs, **_r1_retrieval_overrides})
  File "G:\MNEMOS\mnemos\retrieval\retrieval_router.py", line 1303, in search
    hits, rr_telemetry = self._rerank_with_budget(budget_plan, query, hits, t_e)
  File "G:\MNEMOS\mnemos\retrieval\retrieval_router.py", line 325, in _rerank_with_budget
    results, telemetry = self._apply_conditional_rerank(query, candidates, dense_latency_ms)
  File "G:\MNEMOS\mnemos\retrieval\retrieval_router.py", line 729, in _apply_conditional_rerank
    self._telemetry_sink.emit(telemetry)
  File "G:\MNEMOS\mnemos\retrieval\telemetry.py", line 50, in emit
    self.logger.info(json.dumps(event))
Message: '{"timestamp": "2026-07-02T20:53:08.003769+00:00", "request_id": "4a9a830f-4ac3-4276-8057-5515ef140228", "query_hash": "-9066735168400349692", "query_family": "unknown", "query_family_confidence": 0.2, "rerank_eligible": false, "rerank_applied": false, "shadow_evaluated": true, "rerank_model": "BAAI/bge-reranker-base", "rerank_depth": 20, "rerank_skip_reason": "family_not_allowed", "dense_latency_ms": 5.943699972704053, "rerank_latency_ms": 63.583899987861514, "total_latency_ms": 69.52759996056557, "circuit_breaker_state": "closed", "dense_top_k": 8, "dense_top1_doc_id": "r1seed::docs__associative_routing_e2_design_note.md::chunk008", "final_top1_doc_id": "r1seed::docs__associative_routing_e2_design_note.md::chunk008", "timeout_occurred": false, "error_occurred": false, "service_healthy": true, "rerank_service_health": {"healthy": true, "model_loaded": true, "last_error": null, "warm": true, "latency_ms": 0.0}, "top3_changed": true, "top10_changed": false}'
Arguments: ()
2026-07-03 08:53:08,179 INFO [werkzeug] 127.0.0.1 - - [03/Jul/2026 08:53:08] "POST /v1/mnemos/search HTTP/1.1" 200 -
--- Logging error ---
Traceback (most recent call last):
  File "C:\Users\vin\anaconda3\Lib\logging\handlers.py", line 74, in emit
    self.doRollover()
  File "C:\Users\vin\anaconda3\Lib\logging\handlers.py", line 446, in doRollover
    self.rotate(self.baseFilename, dfn)
  File "C:\Users\vin\anaconda3\Lib\logging\handlers.py", line 115, in rotate
    os.rename(source, dest)
PermissionError: [WinError 32] The process cannot access the file because it is being used by another process: 'G:\\MNEMOS\\logs\\retrieval_telemetry.jsonl' -> 'G:\\MNEMOS\\logs\\retrieval_telemetry.jsonl.2026-07-01'
Call stack:
  File "C:\Users\vin\anaconda3\Lib\threading.py", line 1032, in _bootstrap
    self._bootstrap_inner()
  File "C:\Users\vin\anaconda3\Lib\threading.py", line 1075, in _bootstrap_inner
    self.run()
  File "C:\Users\vin\anaconda3\Lib\threading.py", line 1012, in run
    self._target(*self._args, **self._kwargs)
  File "C:\Users\vin\anaconda3\Lib\socketserver.py", line 692, in process_request_thread
    self.finish_request(request, client_address)
  File "C:\Users\vin\anaconda3\Lib\socketserver.py", line 362, in finish_request
    self.RequestHandlerClass(request, client_address, self)
  File "C:\Users\vin\anaconda3\Lib\socketserver.py", line 761, in __init__
    self.handle()
  File "C:\Users\vin\anaconda3\Lib\site-packages\werkzeug\serving.py", line 399, in handle
    super().handle()
  File "C:\Users\vin\anaconda3\Lib\http\server.py", line 436, in handle
    self.handle_one_request()
  File "C:\Users\vin\anaconda3\Lib\http\server.py", line 424, in handle_one_request
    method()
  File "C:\Users\vin\anaconda3\Lib\site-packages\werkzeug\serving.py", line 371, in run_wsgi
    execute(self.server.app)
  File "C:\Users\vin\anaconda3\Lib\site-packages\werkzeug\serving.py", line 332, in execute
    application_iter = app(environ, start_response)
  File "C:\Users\vin\anaconda3\Lib\site-packages\flask\app.py", line 1536, in __call__
    return self.wsgi_app(environ, start_response)
  File "C:\Users\vin\anaconda3\Lib\site-packages\flask\app.py", line 1511, in wsgi_app
    response = self.full_dispatch_request()
  File "C:\Users\vin\anaconda3\Lib\site-packages\flask\app.py", line 917, in full_dispatch_request
    rv = self.dispatch_request()
  File "C:\Users\vin\anaconda3\Lib\site-packages\flask\app.py", line 902, in dispatch_request
    return self.ensure_sync(self.view_functions[rule.endpoint])(**view_args)  # type: ignore[no-any-return]
  File "G:\MNEMOS\service\app.py", line 2396, in search
    res = _runtime.search_documents(
  File "G:\MNEMOS\service\app.py", line 1201, in search_documents
    results, mode_meta = self._router.search(**{**_default_retrieval_kwargs, **_r1_retrieval_overrides})
  File "G:\MNEMOS\mnemos\retrieval\retrieval_router.py", line 1303, in search
    hits, rr_telemetry = self._rerank_with_budget(budget_plan, query, hits, t_e)
  File "G:\MNEMOS\mnemos\retrieval\retrieval_router.py", line 325, in _rerank_with_budget
    results, telemetry = self._apply_conditional_rerank(query, candidates, dense_latency_ms)
  File "G:\MNEMOS\mnemos\retrieval\retrieval_router.py", line 729, in _apply_conditional_rerank
    self._telemetry_sink.emit(telemetry)
  File "G:\MNEMOS\mnemos\retrieval\telemetry.py", line 50, in emit
    self.logger.info(json.dumps(event))
Message: '{"timestamp": "2026-07-02T20:53:08.919260+00:00", "request_id": "aa20254e-a72e-4e70-a486-52b32afb0257", "query_hash": "-2539279561209236214", "query_family": "unknown", "query_family_confidence": 0.2, "rerank_eligible": false, "rerank_applied": false, "shadow_evaluated": true, "rerank_model": "BAAI/bge-reranker-base", "rerank_depth": 20, "rerank_skip_reason": "family_not_allowed", "dense_latency_ms": 8.615699945949018, "rerank_latency_ms": 147.90089998859912, "total_latency_ms": 156.51659993454814, "circuit_breaker_state": "closed", "dense_top_k": 8, "dense_top1_doc_id": "r1seed::docs__evidence_admission_and_budgeting_r0_closeout.md::chunk002", "final_top1_doc_id": "r1seed::docs__evidence_admission_and_budgeting_r0_closeout.md::chunk002", "timeout_occurred": false, "error_occurred": false, "service_healthy": true, "rerank_service_health": {"healthy": true, "model_loaded": true, "last_error": null, "warm": true, "latency_ms": 0.0}, "top3_changed": true, "top10_changed": false}'
Arguments: ()
2026-07-03 08:53:09,180 INFO [werkzeug] 127.0.0.1 - - [03/Jul/2026 08:53:09] "POST /v1/mnemos/search HTTP/1.1" 200 -
--- Logging error ---
Traceback (most recent call last):
  File "C:\Users\vin\anaconda3\Lib\logging\handlers.py", line 74, in emit
    self.doRollover()
  File "C:\Users\vin\anaconda3\Lib\logging\handlers.py", line 446, in doRollover
    self.rotate(self.baseFilename, dfn)
  File "C:\Users\vin\anaconda3\Lib\logging\handlers.py", line 115, in rotate
    os.rename(source, dest)
PermissionError: [WinError 32] The process cannot access the file because it is being used by another process: 'G:\\MNEMOS\\logs\\retrieval_telemetry.jsonl' -> 'G:\\MNEMOS\\logs\\retrieval_telemetry.jsonl.2026-07-01'
Call stack:
  File "C:\Users\vin\anaconda3\Lib\threading.py", line 1032, in _bootstrap
    self._bootstrap_inner()
  File "C:\Users\vin\anaconda3\Lib\threading.py", line 1075, in _bootstrap_inner
    self.run()
  File "C:\Users\vin\anaconda3\Lib\threading.py", line 1012, in run
    self._target(*self._args, **self._kwargs)
  File "C:\Users\vin\anaconda3\Lib\socketserver.py", line 692, in process_request_thread
    self.finish_request(request, client_address)
  File "C:\Users\vin\anaconda3\Lib\socketserver.py", line 362, in finish_request
    self.RequestHandlerClass(request, client_address, self)
  File "C:\Users\vin\anaconda3\Lib\socketserver.py", line 761, in __init__
    self.handle()
  File "C:\Users\vin\anaconda3\Lib\site-packages\werkzeug\serving.py", line 399, in handle
    super().handle()
  File "C:\Users\vin\anaconda3\Lib\http\server.py", line 436, in handle
    self.handle_one_request()
  File "C:\Users\vin\anaconda3\Lib\http\server.py", line 424, in handle_one_request
    method()
  File "C:\Users\vin\anaconda3\Lib\site-packages\werkzeug\serving.py", line 371, in run_wsgi
    execute(self.server.app)
  File "C:\Users\vin\anaconda3\Lib\site-packages\werkzeug\serving.py", line 332, in execute
    application_iter = app(environ, start_response)
  File "C:\Users\vin\anaconda3\Lib\site-packages\flask\app.py", line 1536, in __call__
    return self.wsgi_app(environ, start_response)
  File "C:\Users\vin\anaconda3\Lib\site-packages\flask\app.py", line 1511, in wsgi_app
    response = self.full_dispatch_request()
  File "C:\Users\vin\anaconda3\Lib\site-packages\flask\app.py", line 917, in full_dispatch_request
    rv = self.dispatch_request()
  File "C:\Users\vin\anaconda3\Lib\site-packages\flask\app.py", line 902, in dispatch_request
    return self.ensure_sync(self.view_functions[rule.endpoint])(**view_args)  # type: ignore[no-any-return]
  File "G:\MNEMOS\service\app.py", line 2396, in search
    res = _runtime.search_documents(
  File "G:\MNEMOS\service\app.py", line 1201, in search_documents
    results, mode_meta = self._router.search(**{**_default_retrieval_kwargs, **_r1_retrieval_overrides})
  File "G:\MNEMOS\mnemos\retrieval\retrieval_router.py", line 1303, in search
    hits, rr_telemetry = self._rerank_with_budget(budget_plan, query, hits, t_e)
  File "G:\MNEMOS\mnemos\retrieval\retrieval_router.py", line 325, in _rerank_with_budget
    results, telemetry = self._apply_conditional_rerank(query, candidates, dense_latency_ms)
  File "G:\MNEMOS\mnemos\retrieval\retrieval_router.py", line 729, in _apply_conditional_rerank
    self._telemetry_sink.emit(telemetry)
  File "G:\MNEMOS\mnemos\retrieval\telemetry.py", line 50, in emit
    self.logger.info(json.dumps(event))
Message: '{"timestamp": "2026-07-02T20:53:09.944016+00:00", "request_id": "7f66685d-f5b3-4da1-833c-911759d9c6f4", "query_hash": "2366342340485915678", "query_family": "unknown", "query_family_confidence": 0.2, "rerank_eligible": false, "rerank_applied": false, "shadow_evaluated": true, "rerank_model": "BAAI/bge-reranker-base", "rerank_depth": 20, "rerank_skip_reason": "family_not_allowed", "dense_latency_ms": 6.698500015772879, "rerank_latency_ms": 136.1970000434667, "total_latency_ms": 142.89550005923957, "circuit_breaker_state": "closed", "dense_top_k": 8, "dense_top1_doc_id": "r1seed::docs__evidence_admission_and_budgeting_r0_closeout.md::chunk002", "final_top1_doc_id": "r1seed::docs__evidence_admission_and_budgeting_r0_closeout.md::chunk002", "timeout_occurred": false, "error_occurred": false, "service_healthy": true, "rerank_service_health": {"healthy": true, "model_loaded": true, "last_error": null, "warm": true, "latency_ms": 0.0}, "top3_changed": true, "top10_changed": false}'
Arguments: ()
2026-07-03 08:53:10,190 INFO [werkzeug] 127.0.0.1 - - [03/Jul/2026 08:53:10] "POST /v1/mnemos/search HTTP/1.1" 200 -
--- Logging error ---
Traceback (most recent call last):
  File "C:\Users\vin\anaconda3\Lib\logging\handlers.py", line 74, in emit
    self.doRollover()
  File "C:\Users\vin\anaconda3\Lib\logging\handlers.py", line 446, in doRollover
    self.rotate(self.baseFilename, dfn)
  File "C:\Users\vin\anaconda3\Lib\logging\handlers.py", line 115, in rotate
    os.rename(source, dest)
PermissionError: [WinError 32] The process cannot access the file because it is being used by another process: 'G:\\MNEMOS\\logs\\retrieval_telemetry.jsonl' -> 'G:\\MNEMOS\\logs\\retrieval_telemetry.jsonl.2026-07-01'
Call stack:
  File "C:\Users\vin\anaconda3\Lib\threading.py", line 1032, in _bootstrap
    self._bootstrap_inner()
  File "C:\Users\vin\anaconda3\Lib\threading.py", line 1075, in _bootstrap_inner
    self.run()
  File "C:\Users\vin\anaconda3\Lib\threading.py", line 1012, in run
    self._target(*self._args, **self._kwargs)
  File "C:\Users\vin\anaconda3\Lib\socketserver.py", line 692, in process_request_thread
    self.finish_request(request, client_address)
  File "C:\Users\vin\anaconda3\Lib\socketserver.py", line 362, in finish_request
    self.RequestHandlerClass(request, client_address, self)
  File "C:\Users\vin\anaconda3\Lib\socketserver.py", line 761, in __init__
    self.handle()
  File "C:\Users\vin\anaconda3\Lib\site-packages\werkzeug\serving.py", line 399, in handle
    super().handle()
  File "C:\Users\vin\anaconda3\Lib\http\server.py", line 436, in handle
    self.handle_one_request()
  File "C:\Users\vin\anaconda3\Lib\http\server.py", line 424, in handle_one_request
    method()
  File "C:\Users\vin\anaconda3\Lib\site-packages\werkzeug\serving.py", line 371, in run_wsgi
    execute(self.server.app)
  File "C:\Users\vin\anaconda3\Lib\site-packages\werkzeug\serving.py", line 332, in execute
    application_iter = app(environ, start_response)
  File "C:\Users\vin\anaconda3\Lib\site-packages\flask\app.py", line 1536, in __call__
    return self.wsgi_app(environ, start_response)
  File "C:\Users\vin\anaconda3\Lib\site-packages\flask\app.py", line 1511, in wsgi_app
    response = self.full_dispatch_request()
  File "C:\Users\vin\anaconda3\Lib\site-packages\flask\app.py", line 917, in full_dispatch_request
    rv = self.dispatch_request()
  File "C:\Users\vin\anaconda3\Lib\site-packages\flask\app.py", line 902, in dispatch_request
    return self.ensure_sync(self.view_functions[rule.endpoint])(**view_args)  # type: ignore[no-any-return]
  File "G:\MNEMOS\service\app.py", line 2396, in search
    res = _runtime.search_documents(
  File "G:\MNEMOS\service\app.py", line 1201, in search_documents
    results, mode_meta = self._router.search(**{**_default_retrieval_kwargs, **_r1_retrieval_overrides})
  File "G:\MNEMOS\mnemos\retrieval\retrieval_router.py", line 1303, in search
    hits, rr_telemetry = self._rerank_with_budget(budget_plan, query, hits, t_e)
  File "G:\MNEMOS\mnemos\retrieval\retrieval_router.py", line 325, in _rerank_with_budget
    results, telemetry = self._apply_conditional_rerank(query, candidates, dense_latency_ms)
  File "G:\MNEMOS\mnemos\retrieval\retrieval_router.py", line 729, in _apply_conditional_rerank
    self._telemetry_sink.emit(telemetry)
  File "G:\MNEMOS\mnemos\retrieval\telemetry.py", line 50, in emit
    self.logger.info(json.dumps(event))
Message: '{"timestamp": "2026-07-02T20:53:11.018102+00:00", "request_id": "24b66c59-d6cc-4bdc-953f-0bdd43f94222", "query_hash": "-4740975515221734449", "query_family": "unknown", "query_family_confidence": 0.2, "rerank_eligible": false, "rerank_applied": false, "shadow_evaluated": true, "rerank_model": "BAAI/bge-reranker-base", "rerank_depth": 20, "rerank_skip_reason": "family_not_allowed", "dense_latency_ms": 7.638600072823465, "rerank_latency_ms": 143.7529999529943, "total_latency_ms": 151.39160002581775, "circuit_breaker_state": "closed", "dense_top_k": 8, "dense_top1_doc_id": "r1seed::docs__evidence_admission_and_budgeting_r0_closeout.md::chunk002", "final_top1_doc_id": "r1seed::docs__evidence_admission_and_budgeting_r0_closeout.md::chunk002", "timeout_occurred": false, "error_occurred": false, "service_healthy": true, "rerank_service_health": {"healthy": true, "model_loaded": true, "last_error": null, "warm": true, "latency_ms": 0.0}, "top3_changed": true, "top10_changed": false}'
Arguments: ()
2026-07-03 08:53:11,276 INFO [werkzeug] 127.0.0.1 - - [03/Jul/2026 08:53:11] "POST /v1/mnemos/search HTTP/1.1" 200 -
--- Logging error ---
Traceback (most recent call last):
  File "C:\Users\vin\anaconda3\Lib\logging\handlers.py", line 74, in emit
    self.doRollover()
  File "C:\Users\vin\anaconda3\Lib\logging\handlers.py", line 446, in doRollover
    self.rotate(self.baseFilename, dfn)
  File "C:\Users\vin\anaconda3\Lib\logging\handlers.py", line 115, in rotate
    os.rename(source, dest)
PermissionError: [WinError 32] The process cannot access the file because it is being used by another process: 'G:\\MNEMOS\\logs\\retrieval_telemetry.jsonl' -> 'G:\\MNEMOS\\logs\\retrieval_telemetry.jsonl.2026-07-01'
Call stack:
  File "C:\Users\vin\anaconda3\Lib\threading.py", line 1032, in _bootstrap
    self._bootstrap_inner()
  File "C:\Users\vin\anaconda3\Lib\threading.py", line 1075, in _bootstrap_inner
    self.run()
  File "C:\Users\vin\anaconda3\Lib\threading.py", line 1012, in run
    self._target(*self._args, **self._kwargs)
  File "C:\Users\vin\anaconda3\Lib\socketserver.py", line 692, in process_request_thread
    self.finish_request(request, client_address)
  File "C:\Users\vin\anaconda3\Lib\socketserver.py", line 362, in finish_request
    self.RequestHandlerClass(request, client_address, self)
  File "C:\Users\vin\anaconda3\Lib\socketserver.py", line 761, in __init__
    self.handle()
  File "C:\Users\vin\anaconda3\Lib\site-packages\werkzeug\serving.py", line 399, in handle
    super().handle()
  File "C:\Users\vin\anaconda3\Lib\http\server.py", line 436, in handle
    self.handle_one_request()
  File "C:\Users\vin\anaconda3\Lib\http\server.py", line 424, in handle_one_request
    method()
  File "C:\Users\vin\anaconda3\Lib\site-packages\werkzeug\serving.py", line 371, in run_wsgi
    execute(self.server.app)
  File "C:\Users\vin\anaconda3\Lib\site-packages\werkzeug\serving.py", line 332, in execute
    application_iter = app(environ, start_response)
  File "C:\Users\vin\anaconda3\Lib\site-packages\flask\app.py", line 1536, in __call__
    return self.wsgi_app(environ, start_response)
  File "C:\Users\vin\anaconda3\Lib\site-packages\flask\app.py", line 1511, in wsgi_app
    response = self.full_dispatch_request()
  File "C:\Users\vin\anaconda3\Lib\site-packages\flask\app.py", line 917, in full_dispatch_request
    rv = self.dispatch_request()
  File "C:\Users\vin\anaconda3\Lib\site-packages\flask\app.py", line 902, in dispatch_request
    return self.ensure_sync(self.view_functions[rule.endpoint])(**view_args)  # type: ignore[no-any-return]
  File "G:\MNEMOS\service\app.py", line 2396, in search
    res = _runtime.search_documents(
  File "G:\MNEMOS\service\app.py", line 1201, in search_documents
    results, mode_meta = self._router.search(**{**_default_retrieval_kwargs, **_r1_retrieval_overrides})
  File "G:\MNEMOS\mnemos\retrieval\retrieval_router.py", line 1303, in search
    hits, rr_telemetry = self._rerank_with_budget(budget_plan, query, hits, t_e)
  File "G:\MNEMOS\mnemos\retrieval\retrieval_router.py", line 325, in _rerank_with_budget
    results, telemetry = self._apply_conditional_rerank(query, candidates, dense_latency_ms)
  File "G:\MNEMOS\mnemos\retrieval\retrieval_router.py", line 729, in _apply_conditional_rerank
    self._telemetry_sink.emit(telemetry)
  File "G:\MNEMOS\mnemos\retrieval\telemetry.py", line 50, in emit
    self.logger.info(json.dumps(event))
Message: '{"timestamp": "2026-07-02T20:53:12.224010+00:00", "request_id": "e616a1e5-6c6d-4a82-86c2-7846f521dd75", "query_hash": "-2180718242766152999", "query_family": "unknown", "query_family_confidence": 0.2, "rerank_eligible": false, "rerank_applied": false, "shadow_evaluated": true, "rerank_model": "BAAI/bge-reranker-base", "rerank_depth": 20, "rerank_skip_reason": "family_not_allowed", "dense_latency_ms": 33.09130005072802, "rerank_latency_ms": 127.92620004620403, "total_latency_ms": 161.01750009693205, "circuit_breaker_state": "closed", "dense_top_k": 8, "dense_top1_doc_id": "r1seed::benchmarks__results__retrieval_hygiene_r0_closeout.md::chunk000", "final_top1_doc_id": "r1seed::benchmarks__results__retrieval_hygiene_r0_closeout.md::chunk000", "timeout_occurred": false, "error_occurred": false, "service_healthy": true, "rerank_service_health": {"healthy": true, "model_loaded": true, "last_error": null, "warm": true, "latency_ms": 0.0}, "top3_changed": true, "top10_changed": false}'
Arguments: ()
2026-07-03 08:53:12,506 INFO [werkzeug] 127.0.0.1 - - [03/Jul/2026 08:53:12] "POST /v1/mnemos/search HTTP/1.1" 200 -
--- Logging error ---
Traceback (most recent call last):
  File "C:\Users\vin\anaconda3\Lib\logging\handlers.py", line 74, in emit
    self.doRollover()
  File "C:\Users\vin\anaconda3\Lib\logging\handlers.py", line 446, in doRollover
    self.rotate(self.baseFilename, dfn)
  File "C:\Users\vin\anaconda3\Lib\logging\handlers.py", line 115, in rotate
    os.rename(source, dest)
PermissionError: [WinError 32] The process cannot access the file because it is being used by another process: 'G:\\MNEMOS\\logs\\retrieval_telemetry.jsonl' -> 'G:\\MNEMOS\\logs\\retrieval_telemetry.jsonl.2026-07-01'
Call stack:
  File "C:\Users\vin\anaconda3\Lib\threading.py", line 1032, in _bootstrap
    self._bootstrap_inner()
  File "C:\Users\vin\anaconda3\Lib\threading.py", line 1075, in _bootstrap_inner
    self.run()
  File "C:\Users\vin\anaconda3\Lib\threading.py", line 1012, in run
    self._target(*self._args, **self._kwargs)
  File "C:\Users\vin\anaconda3\Lib\socketserver.py", line 692, in process_request_thread
    self.finish_request(request, client_address)
  File "C:\Users\vin\anaconda3\Lib\socketserver.py", line 362, in finish_request
    self.RequestHandlerClass(request, client_address, self)
  File "C:\Users\vin\anaconda3\Lib\socketserver.py", line 761, in __init__
    self.handle()
  File "C:\Users\vin\anaconda3\Lib\site-packages\werkzeug\serving.py", line 399, in handle
    super().handle()
  File "C:\Users\vin\anaconda3\Lib\http\server.py", line 436, in handle
    self.handle_one_request()
  File "C:\Users\vin\anaconda3\Lib\http\server.py", line 424, in handle_one_request
    method()
  File "C:\Users\vin\anaconda3\Lib\site-packages\werkzeug\serving.py", line 371, in run_wsgi
    execute(self.server.app)
  File "C:\Users\vin\anaconda3\Lib\site-packages\werkzeug\serving.py", line 332, in execute
    application_iter = app(environ, start_response)
  File "C:\Users\vin\anaconda3\Lib\site-packages\flask\app.py", line 1536, in __call__
    return self.wsgi_app(environ, start_response)
  File "C:\Users\vin\anaconda3\Lib\site-packages\flask\app.py", line 1511, in wsgi_app
    response = self.full_dispatch_request()
  File "C:\Users\vin\anaconda3\Lib\site-packages\flask\app.py", line 917, in full_dispatch_request
    rv = self.dispatch_request()
  File "C:\Users\vin\anaconda3\Lib\site-packages\flask\app.py", line 902, in dispatch_request
    return self.ensure_sync(self.view_functions[rule.endpoint])(**view_args)  # type: ignore[no-any-return]
  File "G:\MNEMOS\service\app.py", line 2396, in search
    res = _runtime.search_documents(
  File "G:\MNEMOS\service\app.py", line 1201, in search_documents
    results, mode_meta = self._router.search(**{**_default_retrieval_kwargs, **_r1_retrieval_overrides})
  File "G:\MNEMOS\mnemos\retrieval\retrieval_router.py", line 1303, in search
    hits, rr_telemetry = self._rerank_with_budget(budget_plan, query, hits, t_e)
  File "G:\MNEMOS\mnemos\retrieval\retrieval_router.py", line 325, in _rerank_with_budget
    results, telemetry = self._apply_conditional_rerank(query, candidates, dense_latency_ms)
  File "G:\MNEMOS\mnemos\retrieval\retrieval_router.py", line 729, in _apply_conditional_rerank
    self._telemetry_sink.emit(telemetry)
  File "G:\MNEMOS\mnemos\retrieval\telemetry.py", line 50, in emit
    self.logger.info(json.dumps(event))
Message: '{"timestamp": "2026-07-02T20:53:13.390617+00:00", "request_id": "98b48a54-757e-4c8f-8ff8-a48ef3d2155a", "query_hash": "5423369744406486020", "query_family": "unknown", "query_family_confidence": 0.2, "rerank_eligible": false, "rerank_applied": false, "shadow_evaluated": true, "rerank_model": "BAAI/bge-reranker-base", "rerank_depth": 20, "rerank_skip_reason": "family_not_allowed", "dense_latency_ms": 11.850600014440715, "rerank_latency_ms": 40.92820000369102, "total_latency_ms": 52.77880001813173, "circuit_breaker_state": "closed", "dense_top_k": 8, "dense_top1_doc_id": "r1seed::benchmarks__results__retrieval_hygiene_r0_closeout.md::chunk001", "final_top1_doc_id": "r1seed::benchmarks__results__retrieval_hygiene_r0_closeout.md::chunk001", "timeout_occurred": false, "error_occurred": false, "service_healthy": true, "rerank_service_health": {"healthy": true, "model_loaded": true, "last_error": null, "warm": true, "latency_ms": 0.0}, "top3_changed": true, "top10_changed": false}'
Arguments: ()
2026-07-03 08:53:13,574 INFO [werkzeug] 127.0.0.1 - - [03/Jul/2026 08:53:13] "POST /v1/mnemos/search HTTP/1.1" 200 -
--- Logging error ---
Traceback (most recent call last):
  File "C:\Users\vin\anaconda3\Lib\logging\handlers.py", line 74, in emit
    self.doRollover()
  File "C:\Users\vin\anaconda3\Lib\logging\handlers.py", line 446, in doRollover
    self.rotate(self.baseFilename, dfn)
  File "C:\Users\vin\anaconda3\Lib\logging\handlers.py", line 115, in rotate
    os.rename(source, dest)
PermissionError: [WinError 32] The process cannot access the file because it is being used by another process: 'G:\\MNEMOS\\logs\\retrieval_telemetry.jsonl' -> 'G:\\MNEMOS\\logs\\retrieval_telemetry.jsonl.2026-07-01'
Call stack:
  File "C:\Users\vin\anaconda3\Lib\threading.py", line 1032, in _bootstrap
    self._bootstrap_inner()
  File "C:\Users\vin\anaconda3\Lib\threading.py", line 1075, in _bootstrap_inner
    self.run()
  File "C:\Users\vin\anaconda3\Lib\threading.py", line 1012, in run
    self._target(*self._args, **self._kwargs)
  File "C:\Users\vin\anaconda3\Lib\socketserver.py", line 692, in process_request_thread
    self.finish_request(request, client_address)
  File "C:\Users\vin\anaconda3\Lib\socketserver.py", line 362, in finish_request
    self.RequestHandlerClass(request, client_address, self)
  File "C:\Users\vin\anaconda3\Lib\socketserver.py", line 761, in __init__
    self.handle()
  File "C:\Users\vin\anaconda3\Lib\site-packages\werkzeug\serving.py", line 399, in handle
    super().handle()
  File "C:\Users\vin\anaconda3\Lib\http\server.py", line 436, in handle
    self.handle_one_request()
  File "C:\Users\vin\anaconda3\Lib\http\server.py", line 424, in handle_one_request
    method()
  File "C:\Users\vin\anaconda3\Lib\site-packages\werkzeug\serving.py", line 371, in run_wsgi
    execute(self.server.app)
  File "C:\Users\vin\anaconda3\Lib\site-packages\werkzeug\serving.py", line 332, in execute
    application_iter = app(environ, start_response)
  File "C:\Users\vin\anaconda3\Lib\site-packages\flask\app.py", line 1536, in __call__
    return self.wsgi_app(environ, start_response)
  File "C:\Users\vin\anaconda3\Lib\site-packages\flask\app.py", line 1511, in wsgi_app
    response = self.full_dispatch_request()
  File "C:\Users\vin\anaconda3\Lib\site-packages\flask\app.py", line 917, in full_dispatch_request
    rv = self.dispatch_request()
  File "C:\Users\vin\anaconda3\Lib\site-packages\flask\app.py", line 902, in dispatch_request
    return self.ensure_sync(self.view_functions[rule.endpoint])(**view_args)  # type: ignore[no-any-return]
  File "G:\MNEMOS\service\app.py", line 2396, in search
    res = _runtime.search_documents(
  File "G:\MNEMOS\service\app.py", line 1201, in search_documents
    results, mode_meta = self._router.search(**{**_default_retrieval_kwargs, **_r1_retrieval_overrides})
  File "G:\MNEMOS\mnemos\retrieval\retrieval_router.py", line 1303, in search
    hits, rr_telemetry = self._rerank_with_budget(budget_plan, query, hits, t_e)
  File "G:\MNEMOS\mnemos\retrieval\retrieval_router.py", line 325, in _rerank_with_budget
    results, telemetry = self._apply_conditional_rerank(query, candidates, dense_latency_ms)
  File "G:\MNEMOS\mnemos\retrieval\retrieval_router.py", line 729, in _apply_conditional_rerank
    self._telemetry_sink.emit(telemetry)
  File "G:\MNEMOS\mnemos\retrieval\telemetry.py", line 50, in emit
    self.logger.info(json.dumps(event))
Message: '{"timestamp": "2026-07-02T20:53:14.471680+00:00", "request_id": "19cb47e8-b006-4ec7-b9d3-c5b92c3c0906", "query_hash": "1454096752228571622", "query_family": "unknown", "query_family_confidence": 0.2, "rerank_eligible": false, "rerank_applied": false, "shadow_evaluated": true, "rerank_model": "BAAI/bge-reranker-base", "rerank_depth": 20, "rerank_skip_reason": "family_not_allowed", "dense_latency_ms": 27.73969992995262, "rerank_latency_ms": 146.57990005798638, "total_latency_ms": 174.319599987939, "circuit_breaker_state": "closed", "dense_top_k": 8, "dense_top1_doc_id": "r1seed::docs__evidence_admission_and_budgeting_r0_closeout.md::chunk000", "final_top1_doc_id": "r1seed::docs__evidence_admission_and_budgeting_r0_closeout.md::chunk000", "timeout_occurred": false, "error_occurred": false, "service_healthy": true, "rerank_service_health": {"healthy": true, "model_loaded": true, "last_error": null, "warm": true, "latency_ms": 0.0}, "top3_changed": false, "top10_changed": false}'
Arguments: ()
2026-07-03 08:53:14,749 INFO [werkzeug] 127.0.0.1 - - [03/Jul/2026 08:53:14] "POST /v1/mnemos/search HTTP/1.1" 200 -
--- Logging error ---
Traceback (most recent call last):
  File "C:\Users\vin\anaconda3\Lib\logging\handlers.py", line 74, in emit
    self.doRollover()
  File "C:\Users\vin\anaconda3\Lib\logging\handlers.py", line 446, in doRollover
    self.rotate(self.baseFilename, dfn)
  File "C:\Users\vin\anaconda3\Lib\logging\handlers.py", line 115, in rotate
    os.rename(source, dest)
PermissionError: [WinError 32] The process cannot access the file because it is being used by another process: 'G:\\MNEMOS\\logs\\retrieval_telemetry.jsonl' -> 'G:\\MNEMOS\\logs\\retrieval_telemetry.jsonl.2026-07-01'
Call stack:
  File "C:\Users\vin\anaconda3\Lib\threading.py", line 1032, in _bootstrap
    self._bootstrap_inner()
  File "C:\Users\vin\anaconda3\Lib\threading.py", line 1075, in _bootstrap_inner
    self.run()
  File "C:\Users\vin\anaconda3\Lib\threading.py", line 1012, in run
    self._target(*self._args, **self._kwargs)
  File "C:\Users\vin\anaconda3\Lib\socketserver.py", line 692, in process_request_thread
    self.finish_request(request, client_address)
  File "C:\Users\vin\anaconda3\Lib\socketserver.py", line 362, in finish_request
    self.RequestHandlerClass(request, client_address, self)
  File "C:\Users\vin\anaconda3\Lib\socketserver.py", line 761, in __init__
    self.handle()
  File "C:\Users\vin\anaconda3\Lib\site-packages\werkzeug\serving.py", line 399, in handle
    super().handle()
  File "C:\Users\vin\anaconda3\Lib\http\server.py", line 436, in handle
    self.handle_one_request()
  File "C:\Users\vin\anaconda3\Lib\http\server.py", line 424, in handle_one_request
    method()
  File "C:\Users\vin\anaconda3\Lib\site-packages\werkzeug\serving.py", line 371, in run_wsgi
    execute(self.server.app)
  File "C:\Users\vin\anaconda3\Lib\site-packages\werkzeug\serving.py", line 332, in execute
    application_iter = app(environ, start_response)
  File "C:\Users\vin\anaconda3\Lib\site-packages\flask\app.py", line 1536, in __call__
    return self.wsgi_app(environ, start_response)
  File "C:\Users\vin\anaconda3\Lib\site-packages\flask\app.py", line 1511, in wsgi_app
    response = self.full_dispatch_request()
  File "C:\Users\vin\anaconda3\Lib\site-packages\flask\app.py", line 917, in full_dispatch_request
    rv = self.dispatch_request()
  File "C:\Users\vin\anaconda3\Lib\site-packages\flask\app.py", line 902, in dispatch_request
    return self.ensure_sync(self.view_functions[rule.endpoint])(**view_args)  # type: ignore[no-any-return]
  File "G:\MNEMOS\service\app.py", line 2396, in search
    res = _runtime.search_documents(
  File "G:\MNEMOS\service\app.py", line 1201, in search_documents
    results, mode_meta = self._router.search(**{**_default_retrieval_kwargs, **_r1_retrieval_overrides})
  File "G:\MNEMOS\mnemos\retrieval\retrieval_router.py", line 1303, in search
    hits, rr_telemetry = self._rerank_with_budget(budget_plan, query, hits, t_e)
  File "G:\MNEMOS\mnemos\retrieval\retrieval_router.py", line 325, in _rerank_with_budget
    results, telemetry = self._apply_conditional_rerank(query, candidates, dense_latency_ms)
  File "G:\MNEMOS\mnemos\retrieval\retrieval_router.py", line 729, in _apply_conditional_rerank
    self._telemetry_sink.emit(telemetry)
  File "G:\MNEMOS\mnemos\retrieval\telemetry.py", line 50, in emit
    self.logger.info(json.dumps(event))
Message: '{"timestamp": "2026-07-02T20:53:15.696750+00:00", "request_id": "a3c02299-1639-4ffe-8d1c-32e2790de152", "query_hash": "-1813924674493132472", "query_family": "unknown", "query_family_confidence": 0.2, "rerank_eligible": false, "rerank_applied": false, "shadow_evaluated": true, "rerank_model": "BAAI/bge-reranker-base", "rerank_depth": 20, "rerank_skip_reason": "family_not_allowed", "dense_latency_ms": 30.640100012533367, "rerank_latency_ms": 136.79659995250404, "total_latency_ms": 167.4366999650374, "circuit_breaker_state": "closed", "dense_top_k": 8, "dense_top1_doc_id": "r1seed::benchmarks__results__retrieval_hygiene_r0_closeout.md::chunk000", "final_top1_doc_id": "r1seed::benchmarks__results__retrieval_hygiene_r0_closeout.md::chunk000", "timeout_occurred": false, "error_occurred": false, "service_healthy": true, "rerank_service_health": {"healthy": true, "model_loaded": true, "last_error": null, "warm": true, "latency_ms": 0.0}, "top3_changed": true, "top10_changed": false}'
Arguments: ()
2026-07-03 08:53:15,991 INFO [werkzeug] 127.0.0.1 - - [03/Jul/2026 08:53:15] "POST /v1/mnemos/search HTTP/1.1" 200 -
--- Logging error ---
Traceback (most recent call last):
  File "C:\Users\vin\anaconda3\Lib\logging\handlers.py", line 74, in emit
    self.doRollover()
  File "C:\Users\vin\anaconda3\Lib\logging\handlers.py", line 446, in doRollover
    self.rotate(self.baseFilename, dfn)
  File "C:\Users\vin\anaconda3\Lib\logging\handlers.py", line 115, in rotate
    os.rename(source, dest)
PermissionError: [WinError 32] The process cannot access the file because it is being used by another process: 'G:\\MNEMOS\\logs\\retrieval_telemetry.jsonl' -> 'G:\\MNEMOS\\logs\\retrieval_telemetry.jsonl.2026-07-01'
Call stack:
  File "C:\Users\vin\anaconda3\Lib\threading.py", line 1032, in _bootstrap
    self._bootstrap_inner()
  File "C:\Users\vin\anaconda3\Lib\threading.py", line 1075, in _bootstrap_inner
    self.run()
  File "C:\Users\vin\anaconda3\Lib\threading.py", line 1012, in run
    self._target(*self._args, **self._kwargs)
  File "C:\Users\vin\anaconda3\Lib\socketserver.py", line 692, in process_request_thread
    self.finish_request(request, client_address)
  File "C:\Users\vin\anaconda3\Lib\socketserver.py", line 362, in finish_request
    self.RequestHandlerClass(request, client_address, self)
  File "C:\Users\vin\anaconda3\Lib\socketserver.py", line 761, in __init__
    self.handle()
  File "C:\Users\vin\anaconda3\Lib\site-packages\werkzeug\serving.py", line 399, in handle
    super().handle()
  File "C:\Users\vin\anaconda3\Lib\http\server.py", line 436, in handle
    self.handle_one_request()
  File "C:\Users\vin\anaconda3\Lib\http\server.py", line 424, in handle_one_request
    method()
  File "C:\Users\vin\anaconda3\Lib\site-packages\werkzeug\serving.py", line 371, in run_wsgi
    execute(self.server.app)
  File "C:\Users\vin\anaconda3\Lib\site-packages\werkzeug\serving.py", line 332, in execute
    application_iter = app(environ, start_response)
  File "C:\Users\vin\anaconda3\Lib\site-packages\flask\app.py", line 1536, in __call__
    return self.wsgi_app(environ, start_response)
  File "C:\Users\vin\anaconda3\Lib\site-packages\flask\app.py", line 1511, in wsgi_app
    response = self.full_dispatch_request()
  File "C:\Users\vin\anaconda3\Lib\site-packages\flask\app.py", line 917, in full_dispatch_request
    rv = self.dispatch_request()
  File "C:\Users\vin\anaconda3\Lib\site-packages\flask\app.py", line 902, in dispatch_request
    return self.ensure_sync(self.view_functions[rule.endpoint])(**view_args)  # type: ignore[no-any-return]
  File "G:\MNEMOS\service\app.py", line 2396, in search
    res = _runtime.search_documents(
  File "G:\MNEMOS\service\app.py", line 1201, in search_documents
    results, mode_meta = self._router.search(**{**_default_retrieval_kwargs, **_r1_retrieval_overrides})
  File "G:\MNEMOS\mnemos\retrieval\retrieval_router.py", line 1303, in search
    hits, rr_telemetry = self._rerank_with_budget(budget_plan, query, hits, t_e)
  File "G:\MNEMOS\mnemos\retrieval\retrieval_router.py", line 325, in _rerank_with_budget
    results, telemetry = self._apply_conditional_rerank(query, candidates, dense_latency_ms)
  File "G:\MNEMOS\mnemos\retrieval\retrieval_router.py", line 729, in _apply_conditional_rerank
    self._telemetry_sink.emit(telemetry)
  File "G:\MNEMOS\mnemos\retrieval\telemetry.py", line 50, in emit
    self.logger.info(json.dumps(event))
Message: '{"timestamp": "2026-07-02T20:53:16.852647+00:00", "request_id": "c4d4b56f-acd4-4dec-b6f8-7115072a040f", "query_hash": "-399124096202458381", "query_family": "unknown", "query_family_confidence": 0.2, "rerank_eligible": false, "rerank_applied": false, "shadow_evaluated": true, "rerank_model": "BAAI/bge-reranker-base", "rerank_depth": 20, "rerank_skip_reason": "family_not_allowed", "dense_latency_ms": 6.569500081241131, "rerank_latency_ms": 33.54350000154227, "total_latency_ms": 40.1130000827834, "circuit_breaker_state": "closed", "dense_top_k": 8, "dense_top1_doc_id": "r1seed::docs__associative_routing_e0_design_note.md::chunk000", "final_top1_doc_id": "r1seed::docs__associative_routing_e0_design_note.md::chunk000", "timeout_occurred": false, "error_occurred": false, "service_healthy": true, "rerank_service_health": {"healthy": true, "model_loaded": true, "last_error": null, "warm": true, "latency_ms": 0.0}, "top3_changed": true, "top10_changed": false}'
Arguments: ()
2026-07-03 08:53:17,009 INFO [werkzeug] 127.0.0.1 - - [03/Jul/2026 08:53:17] "POST /v1/mnemos/search HTTP/1.1" 200 -
--- Logging error ---
Traceback (most recent call last):
  File "C:\Users\vin\anaconda3\Lib\logging\handlers.py", line 74, in emit
    self.doRollover()
  File "C:\Users\vin\anaconda3\Lib\logging\handlers.py", line 446, in doRollover
    self.rotate(self.baseFilename, dfn)
  File "C:\Users\vin\anaconda3\Lib\logging\handlers.py", line 115, in rotate
    os.rename(source, dest)
PermissionError: [WinError 32] The process cannot access the file because it is being used by another process: 'G:\\MNEMOS\\logs\\retrieval_telemetry.jsonl' -> 'G:\\MNEMOS\\logs\\retrieval_telemetry.jsonl.2026-07-01'
Call stack:
  File "C:\Users\vin\anaconda3\Lib\threading.py", line 1032, in _bootstrap
    self._bootstrap_inner()
  File "C:\Users\vin\anaconda3\Lib\threading.py", line 1075, in _bootstrap_inner
    self.run()
  File "C:\Users\vin\anaconda3\Lib\threading.py", line 1012, in run
    self._target(*self._args, **self._kwargs)
  File "C:\Users\vin\anaconda3\Lib\socketserver.py", line 692, in process_request_thread
    self.finish_request(request, client_address)
  File "C:\Users\vin\anaconda3\Lib\socketserver.py", line 362, in finish_request
    self.RequestHandlerClass(request, client_address, self)
  File "C:\Users\vin\anaconda3\Lib\socketserver.py", line 761, in __init__
    self.handle()
  File "C:\Users\vin\anaconda3\Lib\site-packages\werkzeug\serving.py", line 399, in handle
    super().handle()
  File "C:\Users\vin\anaconda3\Lib\http\server.py", line 436, in handle
    self.handle_one_request()
  File "C:\Users\vin\anaconda3\Lib\http\server.py", line 424, in handle_one_request
    method()
  File "C:\Users\vin\anaconda3\Lib\site-packages\werkzeug\serving.py", line 371, in run_wsgi
    execute(self.server.app)
  File "C:\Users\vin\anaconda3\Lib\site-packages\werkzeug\serving.py", line 332, in execute
    application_iter = app(environ, start_response)
  File "C:\Users\vin\anaconda3\Lib\site-packages\flask\app.py", line 1536, in __call__
    return self.wsgi_app(environ, start_response)
  File "C:\Users\vin\anaconda3\Lib\site-packages\flask\app.py", line 1511, in wsgi_app
    response = self.full_dispatch_request()
  File "C:\Users\vin\anaconda3\Lib\site-packages\flask\app.py", line 917, in full_dispatch_request
    rv = self.dispatch_request()
  File "C:\Users\vin\anaconda3\Lib\site-packages\flask\app.py", line 902, in dispatch_request
    return self.ensure_sync(self.view_functions[rule.endpoint])(**view_args)  # type: ignore[no-any-return]
  File "G:\MNEMOS\service\app.py", line 2396, in search
    res = _runtime.search_documents(
  File "G:\MNEMOS\service\app.py", line 1201, in search_documents
    results, mode_meta = self._router.search(**{**_default_retrieval_kwargs, **_r1_retrieval_overrides})
  File "G:\MNEMOS\mnemos\retrieval\retrieval_router.py", line 1303, in search
    hits, rr_telemetry = self._rerank_with_budget(budget_plan, query, hits, t_e)
  File "G:\MNEMOS\mnemos\retrieval\retrieval_router.py", line 325, in _rerank_with_budget
    results, telemetry = self._apply_conditional_rerank(query, candidates, dense_latency_ms)
  File "G:\MNEMOS\mnemos\retrieval\retrieval_router.py", line 729, in _apply_conditional_rerank
    self._telemetry_sink.emit(telemetry)
  File "G:\MNEMOS\mnemos\retrieval\telemetry.py", line 50, in emit
    self.logger.info(json.dumps(event))
Message: '{"timestamp": "2026-07-02T20:53:17.750640+00:00", "request_id": "8f6853d8-de44-498f-82c0-bae795728892", "query_hash": "1094268505814523334", "query_family": "unknown", "query_family_confidence": 0.2, "rerank_eligible": false, "rerank_applied": false, "shadow_evaluated": true, "rerank_model": "BAAI/bge-reranker-base", "rerank_depth": 20, "rerank_skip_reason": "family_not_allowed", "dense_latency_ms": 6.852900027297437, "rerank_latency_ms": 62.352599925361574, "total_latency_ms": 69.20549995265901, "circuit_breaker_state": "closed", "dense_top_k": 8, "dense_top1_doc_id": "r1seed::docs__associative_routing_e0_design_note.md::chunk005", "final_top1_doc_id": "r1seed::docs__associative_routing_e0_design_note.md::chunk005", "timeout_occurred": false, "error_occurred": false, "service_healthy": true, "rerank_service_health": {"healthy": true, "model_loaded": true, "last_error": null, "warm": true, "latency_ms": 0.0}, "top3_changed": true, "top10_changed": false}'
Arguments: ()
2026-07-03 08:53:17,930 INFO [werkzeug] 127.0.0.1 - - [03/Jul/2026 08:53:17] "POST /v1/mnemos/search HTTP/1.1" 200 -
--- Logging error ---
Traceback (most recent call last):
  File "C:\Users\vin\anaconda3\Lib\logging\handlers.py", line 74, in emit
    self.doRollover()
  File "C:\Users\vin\anaconda3\Lib\logging\handlers.py", line 446, in doRollover
    self.rotate(self.baseFilename, dfn)
  File "C:\Users\vin\anaconda3\Lib\logging\handlers.py", line 115, in rotate
    os.rename(source, dest)
PermissionError: [WinError 32] The process cannot access the file because it is being used by another process: 'G:\\MNEMOS\\logs\\retrieval_telemetry.jsonl' -> 'G:\\MNEMOS\\logs\\retrieval_telemetry.jsonl.2026-07-01'
Call stack:
  File "C:\Users\vin\anaconda3\Lib\threading.py", line 1032, in _bootstrap
    self._bootstrap_inner()
  File "C:\Users\vin\anaconda3\Lib\threading.py", line 1075, in _bootstrap_inner
    self.run()
  File "C:\Users\vin\anaconda3\Lib\threading.py", line 1012, in run
    self._target(*self._args, **self._kwargs)
  File "C:\Users\vin\anaconda3\Lib\socketserver.py", line 692, in process_request_thread
    self.finish_request(request, client_address)
  File "C:\Users\vin\anaconda3\Lib\socketserver.py", line 362, in finish_request
    self.RequestHandlerClass(request, client_address, self)
  File "C:\Users\vin\anaconda3\Lib\socketserver.py", line 761, in __init__
    self.handle()
  File "C:\Users\vin\anaconda3\Lib\site-packages\werkzeug\serving.py", line 399, in handle
    super().handle()
  File "C:\Users\vin\anaconda3\Lib\http\server.py", line 436, in handle
    self.handle_one_request()
  File "C:\Users\vin\anaconda3\Lib\http\server.py", line 424, in handle_one_request
    method()
  File "C:\Users\vin\anaconda3\Lib\site-packages\werkzeug\serving.py", line 371, in run_wsgi
    execute(self.server.app)
  File "C:\Users\vin\anaconda3\Lib\site-packages\werkzeug\serving.py", line 332, in execute
    application_iter = app(environ, start_response)
  File "C:\Users\vin\anaconda3\Lib\site-packages\flask\app.py", line 1536, in __call__
    return self.wsgi_app(environ, start_response)
  File "C:\Users\vin\anaconda3\Lib\site-packages\flask\app.py", line 1511, in wsgi_app
    response = self.full_dispatch_request()
  File "C:\Users\vin\anaconda3\Lib\site-packages\flask\app.py", line 917, in full_dispatch_request
    rv = self.dispatch_request()
  File "C:\Users\vin\anaconda3\Lib\site-packages\flask\app.py", line 902, in dispatch_request
    return self.ensure_sync(self.view_functions[rule.endpoint])(**view_args)  # type: ignore[no-any-return]
  File "G:\MNEMOS\service\app.py", line 2396, in search
    res = _runtime.search_documents(
  File "G:\MNEMOS\service\app.py", line 1201, in search_documents
    results, mode_meta = self._router.search(**{**_default_retrieval_kwargs, **_r1_retrieval_overrides})
  File "G:\MNEMOS\mnemos\retrieval\retrieval_router.py", line 1303, in search
    hits, rr_telemetry = self._rerank_with_budget(budget_plan, query, hits, t_e)
  File "G:\MNEMOS\mnemos\retrieval\retrieval_router.py", line 325, in _rerank_with_budget
    results, telemetry = self._apply_conditional_rerank(query, candidates, dense_latency_ms)
  File "G:\MNEMOS\mnemos\retrieval\retrieval_router.py", line 729, in _apply_conditional_rerank
    self._telemetry_sink.emit(telemetry)
  File "G:\MNEMOS\mnemos\retrieval\telemetry.py", line 50, in emit
    self.logger.info(json.dumps(event))
Message: '{"timestamp": "2026-07-02T20:53:18.674848+00:00", "request_id": "a3504298-4ed8-4e86-a49a-ed613e6cef23", "query_hash": "936877562947582556", "query_family": "unknown", "query_family_confidence": 0.2, "rerank_eligible": false, "rerank_applied": false, "shadow_evaluated": true, "rerank_model": "BAAI/bge-reranker-base", "rerank_depth": 20, "rerank_skip_reason": "family_not_allowed", "dense_latency_ms": 17.345800064504147, "rerank_latency_ms": 83.92419992014766, "total_latency_ms": 101.2699999846518, "circuit_breaker_state": "closed", "dense_top_k": 8, "dense_top1_doc_id": "r1seed::docs__evidence_admission_and_budgeting_r0_closeout.md::chunk000", "final_top1_doc_id": "r1seed::docs__evidence_admission_and_budgeting_r0_closeout.md::chunk000", "timeout_occurred": false, "error_occurred": false, "service_healthy": true, "rerank_service_health": {"healthy": true, "model_loaded": true, "last_error": null, "warm": true, "latency_ms": 0.0}, "top3_changed": true, "top10_changed": false}'
Arguments: ()
2026-07-03 08:53:18,878 INFO [werkzeug] 127.0.0.1 - - [03/Jul/2026 08:53:18] "POST /v1/mnemos/search HTTP/1.1" 200 -
--- Logging error ---
Traceback (most recent call last):
  File "C:\Users\vin\anaconda3\Lib\logging\handlers.py", line 74, in emit
    self.doRollover()
  File "C:\Users\vin\anaconda3\Lib\logging\handlers.py", line 446, in doRollover
    self.rotate(self.baseFilename, dfn)
  File "C:\Users\vin\anaconda3\Lib\logging\handlers.py", line 115, in rotate
    os.rename(source, dest)
PermissionError: [WinError 32] The process cannot access the file because it is being used by another process: 'G:\\MNEMOS\\logs\\retrieval_telemetry.jsonl' -> 'G:\\MNEMOS\\logs\\retrieval_telemetry.jsonl.2026-07-01'
Call stack:
  File "C:\Users\vin\anaconda3\Lib\threading.py", line 1032, in _bootstrap
    self._bootstrap_inner()
  File "C:\Users\vin\anaconda3\Lib\threading.py", line 1075, in _bootstrap_inner
    self.run()
  File "C:\Users\vin\anaconda3\Lib\threading.py", line 1012, in run
    self._target(*self._args, **self._kwargs)
  File "C:\Users\vin\anaconda3\Lib\socketserver.py", line 692, in process_request_thread
    self.finish_request(request, client_address)
  File "C:\Users\vin\anaconda3\Lib\socketserver.py", line 362, in finish_request
    self.RequestHandlerClass(request, client_address, self)
  File "C:\Users\vin\anaconda3\Lib\socketserver.py", line 761, in __init__
    self.handle()
  File "C:\Users\vin\anaconda3\Lib\site-packages\werkzeug\serving.py", line 399, in handle
    super().handle()
  File "C:\Users\vin\anaconda3\Lib\http\server.py", line 436, in handle
    self.handle_one_request()
  File "C:\Users\vin\anaconda3\Lib\http\server.py", line 424, in handle_one_request
    method()
  File "C:\Users\vin\anaconda3\Lib\site-packages\werkzeug\serving.py", line 371, in run_wsgi
    execute(self.server.app)
  File "C:\Users\vin\anaconda3\Lib\site-packages\werkzeug\serving.py", line 332, in execute
    application_iter = app(environ, start_response)
  File "C:\Users\vin\anaconda3\Lib\site-packages\flask\app.py", line 1536, in __call__
    return self.wsgi_app(environ, start_response)
  File "C:\Users\vin\anaconda3\Lib\site-packages\flask\app.py", line 1511, in wsgi_app
    response = self.full_dispatch_request()
  File "C:\Users\vin\anaconda3\Lib\site-packages\flask\app.py", line 917, in full_dispatch_request
    rv = self.dispatch_request()
  File "C:\Users\vin\anaconda3\Lib\site-packages\flask\app.py", line 902, in dispatch_request
    return self.ensure_sync(self.view_functions[rule.endpoint])(**view_args)  # type: ignore[no-any-return]
  File "G:\MNEMOS\service\app.py", line 2396, in search
    res = _runtime.search_documents(
  File "G:\MNEMOS\service\app.py", line 1201, in search_documents
    results, mode_meta = self._router.search(**{**_default_retrieval_kwargs, **_r1_retrieval_overrides})
  File "G:\MNEMOS\mnemos\retrieval\retrieval_router.py", line 1303, in search
    hits, rr_telemetry = self._rerank_with_budget(budget_plan, query, hits, t_e)
  File "G:\MNEMOS\mnemos\retrieval\retrieval_router.py", line 325, in _rerank_with_budget
    results, telemetry = self._apply_conditional_rerank(query, candidates, dense_latency_ms)
  File "G:\MNEMOS\mnemos\retrieval\retrieval_router.py", line 729, in _apply_conditional_rerank
    self._telemetry_sink.emit(telemetry)
  File "G:\MNEMOS\mnemos\retrieval\telemetry.py", line 50, in emit
    self.logger.info(json.dumps(event))
Message: '{"timestamp": "2026-07-02T20:53:19.582027+00:00", "request_id": "1a51a968-e7cb-4603-bd07-f88e787b40c1", "query_hash": "-6212795931621688409", "query_family": "unknown", "query_family_confidence": 0.2, "rerank_eligible": false, "rerank_applied": false, "shadow_evaluated": true, "rerank_model": "BAAI/bge-reranker-base", "rerank_depth": 20, "rerank_skip_reason": "family_not_allowed", "dense_latency_ms": 6.8283999571576715, "rerank_latency_ms": 146.73359994776547, "total_latency_ms": 153.56199990492314, "circuit_breaker_state": "closed", "dense_top_k": 8, "dense_top1_doc_id": "r1seed::docs__evidence_admission_and_budgeting_r0_closeout.md::chunk001", "final_top1_doc_id": "r1seed::docs__evidence_admission_and_budgeting_r0_closeout.md::chunk001", "timeout_occurred": false, "error_occurred": false, "service_healthy": true, "rerank_service_health": {"healthy": true, "model_loaded": true, "last_error": null, "warm": true, "latency_ms": 0.0}, "top3_changed": true, "top10_changed": false}'
Arguments: ()
2026-07-03 08:53:19,830 INFO [werkzeug] 127.0.0.1 - - [03/Jul/2026 08:53:19] "POST /v1/mnemos/search HTTP/1.1" 200 -
--- Logging error ---
Traceback (most recent call last):
  File "C:\Users\vin\anaconda3\Lib\logging\handlers.py", line 74, in emit
    self.doRollover()
  File "C:\Users\vin\anaconda3\Lib\logging\handlers.py", line 446, in doRollover
    self.rotate(self.baseFilename, dfn)
  File "C:\Users\vin\anaconda3\Lib\logging\handlers.py", line 115, in rotate
    os.rename(source, dest)
PermissionError: [WinError 32] The process cannot access the file because it is being used by another process: 'G:\\MNEMOS\\logs\\retrieval_telemetry.jsonl' -> 'G:\\MNEMOS\\logs\\retrieval_telemetry.jsonl.2026-07-01'
Call stack:
  File "C:\Users\vin\anaconda3\Lib\threading.py", line 1032, in _bootstrap
    self._bootstrap_inner()
  File "C:\Users\vin\anaconda3\Lib\threading.py", line 1075, in _bootstrap_inner
    self.run()
  File "C:\Users\vin\anaconda3\Lib\threading.py", line 1012, in run
    self._target(*self._args, **self._kwargs)
  File "C:\Users\vin\anaconda3\Lib\socketserver.py", line 692, in process_request_thread
    self.finish_request(request, client_address)
  File "C:\Users\vin\anaconda3\Lib\socketserver.py", line 362, in finish_request
    self.RequestHandlerClass(request, client_address, self)
  File "C:\Users\vin\anaconda3\Lib\socketserver.py", line 761, in __init__
    self.handle()
  File "C:\Users\vin\anaconda3\Lib\site-packages\werkzeug\serving.py", line 399, in handle
    super().handle()
  File "C:\Users\vin\anaconda3\Lib\http\server.py", line 436, in handle
    self.handle_one_request()
  File "C:\Users\vin\anaconda3\Lib\http\server.py", line 424, in handle_one_request
    method()
  File "C:\Users\vin\anaconda3\Lib\site-packages\werkzeug\serving.py", line 371, in run_wsgi
    execute(self.server.app)
  File "C:\Users\vin\anaconda3\Lib\site-packages\werkzeug\serving.py", line 332, in execute
    application_iter = app(environ, start_response)
  File "C:\Users\vin\anaconda3\Lib\site-packages\flask\app.py", line 1536, in __call__
    return self.wsgi_app(environ, start_response)
  File "C:\Users\vin\anaconda3\Lib\site-packages\flask\app.py", line 1511, in wsgi_app
    response = self.full_dispatch_request()
  File "C:\Users\vin\anaconda3\Lib\site-packages\flask\app.py", line 917, in full_dispatch_request
    rv = self.dispatch_request()
  File "C:\Users\vin\anaconda3\Lib\site-packages\flask\app.py", line 902, in dispatch_request
    return self.ensure_sync(self.view_functions[rule.endpoint])(**view_args)  # type: ignore[no-any-return]
  File "G:\MNEMOS\service\app.py", line 2396, in search
    res = _runtime.search_documents(
  File "G:\MNEMOS\service\app.py", line 1201, in search_documents
    results, mode_meta = self._router.search(**{**_default_retrieval_kwargs, **_r1_retrieval_overrides})
  File "G:\MNEMOS\mnemos\retrieval\retrieval_router.py", line 1303, in search
    hits, rr_telemetry = self._rerank_with_budget(budget_plan, query, hits, t_e)
  File "G:\MNEMOS\mnemos\retrieval\retrieval_router.py", line 325, in _rerank_with_budget
    results, telemetry = self._apply_conditional_rerank(query, candidates, dense_latency_ms)
  File "G:\MNEMOS\mnemos\retrieval\retrieval_router.py", line 729, in _apply_conditional_rerank
    self._telemetry_sink.emit(telemetry)
  File "G:\MNEMOS\mnemos\retrieval\telemetry.py", line 50, in emit
    self.logger.info(json.dumps(event))
Message: '{"timestamp": "2026-07-02T20:53:20.694948+00:00", "request_id": "29810ec9-ccd8-42b5-90f3-52ce29748b68", "query_hash": "1388897231768252168", "query_family": "unknown", "query_family_confidence": 0.2, "rerank_eligible": false, "rerank_applied": false, "shadow_evaluated": true, "rerank_model": "BAAI/bge-reranker-base", "rerank_depth": 20, "rerank_skip_reason": "family_not_allowed", "dense_latency_ms": 7.013699971139431, "rerank_latency_ms": 131.48109999019653, "total_latency_ms": 138.49479996133596, "circuit_breaker_state": "closed", "dense_top_k": 8, "dense_top1_doc_id": "r1seed::benchmarks__results__retrieval_hygiene_r0_closeout.md::chunk001", "final_top1_doc_id": "r1seed::benchmarks__results__retrieval_hygiene_r0_closeout.md::chunk001", "timeout_occurred": false, "error_occurred": false, "service_healthy": true, "rerank_service_health": {"healthy": true, "model_loaded": true, "last_error": null, "warm": true, "latency_ms": 0.0}, "top3_changed": true, "top10_changed": false}'
Arguments: ()
2026-07-03 08:53:20,960 INFO [werkzeug] 127.0.0.1 - - [03/Jul/2026 08:53:20] "POST /v1/mnemos/search HTTP/1.1" 200 -
--- Logging error ---
Traceback (most recent call last):
  File "C:\Users\vin\anaconda3\Lib\logging\handlers.py", line 74, in emit
    self.doRollover()
  File "C:\Users\vin\anaconda3\Lib\logging\handlers.py", line 446, in doRollover
    self.rotate(self.baseFilename, dfn)
  File "C:\Users\vin\anaconda3\Lib\logging\handlers.py", line 115, in rotate
    os.rename(source, dest)
PermissionError: [WinError 32] The process cannot access the file because it is being used by another process: 'G:\\MNEMOS\\logs\\retrieval_telemetry.jsonl' -> 'G:\\MNEMOS\\logs\\retrieval_telemetry.jsonl.2026-07-01'
Call stack:
  File "C:\Users\vin\anaconda3\Lib\threading.py", line 1032, in _bootstrap
    self._bootstrap_inner()
  File "C:\Users\vin\anaconda3\Lib\threading.py", line 1075, in _bootstrap_inner
    self.run()
  File "C:\Users\vin\anaconda3\Lib\threading.py", line 1012, in run
    self._target(*self._args, **self._kwargs)
  File "C:\Users\vin\anaconda3\Lib\socketserver.py", line 692, in process_request_thread
    self.finish_request(request, client_address)
  File "C:\Users\vin\anaconda3\Lib\socketserver.py", line 362, in finish_request
    self.RequestHandlerClass(request, client_address, self)
  File "C:\Users\vin\anaconda3\Lib\socketserver.py", line 761, in __init__
    self.handle()
  File "C:\Users\vin\anaconda3\Lib\site-packages\werkzeug\serving.py", line 399, in handle
    super().handle()
  File "C:\Users\vin\anaconda3\Lib\http\server.py", line 436, in handle
    self.handle_one_request()
  File "C:\Users\vin\anaconda3\Lib\http\server.py", line 424, in handle_one_request
    method()
  File "C:\Users\vin\anaconda3\Lib\site-packages\werkzeug\serving.py", line 371, in run_wsgi
    execute(self.server.app)
  File "C:\Users\vin\anaconda3\Lib\site-packages\werkzeug\serving.py", line 332, in execute
    application_iter = app(environ, start_response)
  File "C:\Users\vin\anaconda3\Lib\site-packages\flask\app.py", line 1536, in __call__
    return self.wsgi_app(environ, start_response)
  File "C:\Users\vin\anaconda3\Lib\site-packages\flask\app.py", line 1511, in wsgi_app
    response = self.full_dispatch_request()
  File "C:\Users\vin\anaconda3\Lib\site-packages\flask\app.py", line 917, in full_dispatch_request
    rv = self.dispatch_request()
  File "C:\Users\vin\anaconda3\Lib\site-packages\flask\app.py", line 902, in dispatch_request
    return self.ensure_sync(self.view_functions[rule.endpoint])(**view_args)  # type: ignore[no-any-return]
  File "G:\MNEMOS\service\app.py", line 2396, in search
    res = _runtime.search_documents(
  File "G:\MNEMOS\service\app.py", line 1201, in search_documents
    results, mode_meta = self._router.search(**{**_default_retrieval_kwargs, **_r1_retrieval_overrides})
  File "G:\MNEMOS\mnemos\retrieval\retrieval_router.py", line 1303, in search
    hits, rr_telemetry = self._rerank_with_budget(budget_plan, query, hits, t_e)
  File "G:\MNEMOS\mnemos\retrieval\retrieval_router.py", line 325, in _rerank_with_budget
    results, telemetry = self._apply_conditional_rerank(query, candidates, dense_latency_ms)
  File "G:\MNEMOS\mnemos\retrieval\retrieval_router.py", line 729, in _apply_conditional_rerank
    self._telemetry_sink.emit(telemetry)
  File "G:\MNEMOS\mnemos\retrieval\telemetry.py", line 50, in emit
    self.logger.info(json.dumps(event))
Message: '{"timestamp": "2026-07-02T20:53:21.752978+00:00", "request_id": "2cbc78ef-0dac-4ae1-a753-e21a1e406e73", "query_hash": "-4577400918977357441", "query_family": "unknown", "query_family_confidence": 0.2, "rerank_eligible": false, "rerank_applied": false, "shadow_evaluated": true, "rerank_model": "BAAI/bge-reranker-base", "rerank_depth": 20, "rerank_skip_reason": "family_not_allowed", "dense_latency_ms": 9.087100042961538, "rerank_latency_ms": 118.21779992897063, "total_latency_ms": 127.30489997193217, "circuit_breaker_state": "closed", "dense_top_k": 8, "dense_top1_doc_id": "r1seed::docs__README.md::chunk000", "final_top1_doc_id": "r1seed::docs__README.md::chunk000", "timeout_occurred": false, "error_occurred": false, "service_healthy": true, "rerank_service_health": {"healthy": true, "model_loaded": true, "last_error": null, "warm": true, "latency_ms": 0.0}, "top3_changed": true, "top10_changed": false}'
Arguments: ()
2026-07-03 08:53:21,979 INFO [werkzeug] 127.0.0.1 - - [03/Jul/2026 08:53:21] "POST /v1/mnemos/search HTTP/1.1" 200 -
--- Logging error ---
Traceback (most recent call last):
  File "C:\Users\vin\anaconda3\Lib\logging\handlers.py", line 74, in emit
    self.doRollover()
  File "C:\Users\vin\anaconda3\Lib\logging\handlers.py", line 446, in doRollover
    self.rotate(self.baseFilename, dfn)
  File "C:\Users\vin\anaconda3\Lib\logging\handlers.py", line 115, in rotate
    os.rename(source, dest)
PermissionError: [WinError 32] The process cannot access the file because it is being used by another process: 'G:\\MNEMOS\\logs\\retrieval_telemetry.jsonl' -> 'G:\\MNEMOS\\logs\\retrieval_telemetry.jsonl.2026-07-01'
Call stack:
  File "C:\Users\vin\anaconda3\Lib\threading.py", line 1032, in _bootstrap
    self._bootstrap_inner()
  File "C:\Users\vin\anaconda3\Lib\threading.py", line 1075, in _bootstrap_inner
    self.run()
  File "C:\Users\vin\anaconda3\Lib\threading.py", line 1012, in run
    self._target(*self._args, **self._kwargs)
  File "C:\Users\vin\anaconda3\Lib\socketserver.py", line 692, in process_request_thread
    self.finish_request(request, client_address)
  File "C:\Users\vin\anaconda3\Lib\socketserver.py", line 362, in finish_request
    self.RequestHandlerClass(request, client_address, self)
  File "C:\Users\vin\anaconda3\Lib\socketserver.py", line 761, in __init__
    self.handle()
  File "C:\Users\vin\anaconda3\Lib\site-packages\werkzeug\serving.py", line 399, in handle
    super().handle()
  File "C:\Users\vin\anaconda3\Lib\http\server.py", line 436, in handle
    self.handle_one_request()
  File "C:\Users\vin\anaconda3\Lib\http\server.py", line 424, in handle_one_request
    method()
  File "C:\Users\vin\anaconda3\Lib\site-packages\werkzeug\serving.py", line 371, in run_wsgi
    execute(self.server.app)
  File "C:\Users\vin\anaconda3\Lib\site-packages\werkzeug\serving.py", line 332, in execute
    application_iter = app(environ, start_response)
  File "C:\Users\vin\anaconda3\Lib\site-packages\flask\app.py", line 1536, in __call__
    return self.wsgi_app(environ, start_response)
  File "C:\Users\vin\anaconda3\Lib\site-packages\flask\app.py", line 1511, in wsgi_app
    response = self.full_dispatch_request()
  File "C:\Users\vin\anaconda3\Lib\site-packages\flask\app.py", line 917, in full_dispatch_request
    rv = self.dispatch_request()
  File "C:\Users\vin\anaconda3\Lib\site-packages\flask\app.py", line 902, in dispatch_request
    return self.ensure_sync(self.view_functions[rule.endpoint])(**view_args)  # type: ignore[no-any-return]
  File "G:\MNEMOS\service\app.py", line 2396, in search
    res = _runtime.search_documents(
  File "G:\MNEMOS\service\app.py", line 1201, in search_documents
    results, mode_meta = self._router.search(**{**_default_retrieval_kwargs, **_r1_retrieval_overrides})
  File "G:\MNEMOS\mnemos\retrieval\retrieval_router.py", line 1303, in search
    hits, rr_telemetry = self._rerank_with_budget(budget_plan, query, hits, t_e)
  File "G:\MNEMOS\mnemos\retrieval\retrieval_router.py", line 325, in _rerank_with_budget
    results, telemetry = self._apply_conditional_rerank(query, candidates, dense_latency_ms)
  File "G:\MNEMOS\mnemos\retrieval\retrieval_router.py", line 729, in _apply_conditional_rerank
    self._telemetry_sink.emit(telemetry)
  File "G:\MNEMOS\mnemos\retrieval\telemetry.py", line 50, in emit
    self.logger.info(json.dumps(event))
Message: '{"timestamp": "2026-07-02T20:53:22.814489+00:00", "request_id": "db8b8aec-6dcf-475d-902d-80ad380b0171", "query_hash": "2559562704087733111", "query_family": "unknown", "query_family_confidence": 0.2, "rerank_eligible": false, "rerank_applied": false, "shadow_evaluated": true, "rerank_model": "BAAI/bge-reranker-base", "rerank_depth": 20, "rerank_skip_reason": "family_not_allowed", "dense_latency_ms": 23.275800049304962, "rerank_latency_ms": 136.1862999619916, "total_latency_ms": 159.46210001129657, "circuit_breaker_state": "closed", "dense_top_k": 8, "dense_top1_doc_id": "r1seed::benchmarks__results__associative_routing_e2_live_comparison_run_001.json::chunk006", "final_top1_doc_id": "r1seed::benchmarks__results__associative_routing_e2_live_comparison_run_001.json::chunk006", "timeout_occurred": false, "error_occurred": false, "service_healthy": true, "rerank_service_health": {"healthy": true, "model_loaded": true, "last_error": null, "warm": true, "latency_ms": 0.0}, "top3_changed": true, "top10_changed": false}'
Arguments: ()
2026-07-03 08:53:23,080 INFO [werkzeug] 127.0.0.1 - - [03/Jul/2026 08:53:23] "POST /v1/mnemos/search HTTP/1.1" 200 -
--- Logging error ---
Traceback (most recent call last):
  File "C:\Users\vin\anaconda3\Lib\logging\handlers.py", line 74, in emit
    self.doRollover()
  File "C:\Users\vin\anaconda3\Lib\logging\handlers.py", line 446, in doRollover
    self.rotate(self.baseFilename, dfn)
  File "C:\Users\vin\anaconda3\Lib\logging\handlers.py", line 115, in rotate
    os.rename(source, dest)
PermissionError: [WinError 32] The process cannot access the file because it is being used by another process: 'G:\\MNEMOS\\logs\\retrieval_telemetry.jsonl' -> 'G:\\MNEMOS\\logs\\retrieval_telemetry.jsonl.2026-07-01'
Call stack:
  File "C:\Users\vin\anaconda3\Lib\threading.py", line 1032, in _bootstrap
    self._bootstrap_inner()
  File "C:\Users\vin\anaconda3\Lib\threading.py", line 1075, in _bootstrap_inner
    self.run()
  File "C:\Users\vin\anaconda3\Lib\threading.py", line 1012, in run
    self._target(*self._args, **self._kwargs)
  File "C:\Users\vin\anaconda3\Lib\socketserver.py", line 692, in process_request_thread
    self.finish_request(request, client_address)
  File "C:\Users\vin\anaconda3\Lib\socketserver.py", line 362, in finish_request
    self.RequestHandlerClass(request, client_address, self)
  File "C:\Users\vin\anaconda3\Lib\socketserver.py", line 761, in __init__
    self.handle()
  File "C:\Users\vin\anaconda3\Lib\site-packages\werkzeug\serving.py", line 399, in handle
    super().handle()
  File "C:\Users\vin\anaconda3\Lib\http\server.py", line 436, in handle
    self.handle_one_request()
  File "C:\Users\vin\anaconda3\Lib\http\server.py", line 424, in handle_one_request
    method()
  File "C:\Users\vin\anaconda3\Lib\site-packages\werkzeug\serving.py", line 371, in run_wsgi
    execute(self.server.app)
  File "C:\Users\vin\anaconda3\Lib\site-packages\werkzeug\serving.py", line 332, in execute
    application_iter = app(environ, start_response)
  File "C:\Users\vin\anaconda3\Lib\site-packages\flask\app.py", line 1536, in __call__
    return self.wsgi_app(environ, start_response)
  File "C:\Users\vin\anaconda3\Lib\site-packages\flask\app.py", line 1511, in wsgi_app
    response = self.full_dispatch_request()
  File "C:\Users\vin\anaconda3\Lib\site-packages\flask\app.py", line 917, in full_dispatch_request
    rv = self.dispatch_request()
  File "C:\Users\vin\anaconda3\Lib\site-packages\flask\app.py", line 902, in dispatch_request
    return self.ensure_sync(self.view_functions[rule.endpoint])(**view_args)  # type: ignore[no-any-return]
  File "G:\MNEMOS\service\app.py", line 2396, in search
    res = _runtime.search_documents(
  File "G:\MNEMOS\service\app.py", line 1201, in search_documents
    results, mode_meta = self._router.search(**{**_default_retrieval_kwargs, **_r1_retrieval_overrides})
  File "G:\MNEMOS\mnemos\retrieval\retrieval_router.py", line 1303, in search
    hits, rr_telemetry = self._rerank_with_budget(budget_plan, query, hits, t_e)
  File "G:\MNEMOS\mnemos\retrieval\retrieval_router.py", line 325, in _rerank_with_budget
    results, telemetry = self._apply_conditional_rerank(query, candidates, dense_latency_ms)
  File "G:\MNEMOS\mnemos\retrieval\retrieval_router.py", line 729, in _apply_conditional_rerank
    self._telemetry_sink.emit(telemetry)
  File "G:\MNEMOS\mnemos\retrieval\telemetry.py", line 50, in emit
    self.logger.info(json.dumps(event))
Message: '{"timestamp": "2026-07-02T20:53:23.885997+00:00", "request_id": "91e46241-1e03-4a31-b6ca-9df980bf1191", "query_hash": "2136257711320978420", "query_family": "unknown", "query_family_confidence": 0.2, "rerank_eligible": false, "rerank_applied": false, "shadow_evaluated": true, "rerank_model": "BAAI/bge-reranker-base", "rerank_depth": 20, "rerank_skip_reason": "family_not_allowed", "dense_latency_ms": 29.2068999260664, "rerank_latency_ms": 84.59480002056807, "total_latency_ms": 113.80169994663447, "circuit_breaker_state": "closed", "dense_top_k": 8, "dense_top1_doc_id": "r1seed::docs__README.md::chunk000", "final_top1_doc_id": "r1seed::docs__README.md::chunk000", "timeout_occurred": false, "error_occurred": false, "service_healthy": true, "rerank_service_health": {"healthy": true, "model_loaded": true, "last_error": null, "warm": true, "latency_ms": 0.0}, "top3_changed": true, "top10_changed": false}'
Arguments: ()
2026-07-03 08:53:24,088 INFO [werkzeug] 127.0.0.1 - - [03/Jul/2026 08:53:24] "POST /v1/mnemos/search HTTP/1.1" 200 -
--- Logging error ---
Traceback (most recent call last):
  File "C:\Users\vin\anaconda3\Lib\logging\handlers.py", line 74, in emit
    self.doRollover()
  File "C:\Users\vin\anaconda3\Lib\logging\handlers.py", line 446, in doRollover
    self.rotate(self.baseFilename, dfn)
  File "C:\Users\vin\anaconda3\Lib\logging\handlers.py", line 115, in rotate
    os.rename(source, dest)
PermissionError: [WinError 32] The process cannot access the file because it is being used by another process: 'G:\\MNEMOS\\logs\\retrieval_telemetry.jsonl' -> 'G:\\MNEMOS\\logs\\retrieval_telemetry.jsonl.2026-07-01'
Call stack:
  File "C:\Users\vin\anaconda3\Lib\threading.py", line 1032, in _bootstrap
    self._bootstrap_inner()
  File "C:\Users\vin\anaconda3\Lib\threading.py", line 1075, in _bootstrap_inner
    self.run()
  File "C:\Users\vin\anaconda3\Lib\threading.py", line 1012, in run
    self._target(*self._args, **self._kwargs)
  File "C:\Users\vin\anaconda3\Lib\socketserver.py", line 692, in process_request_thread
    self.finish_request(request, client_address)
  File "C:\Users\vin\anaconda3\Lib\socketserver.py", line 362, in finish_request
    self.RequestHandlerClass(request, client_address, self)
  File "C:\Users\vin\anaconda3\Lib\socketserver.py", line 761, in __init__
    self.handle()
  File "C:\Users\vin\anaconda3\Lib\site-packages\werkzeug\serving.py", line 399, in handle
    super().handle()
  File "C:\Users\vin\anaconda3\Lib\http\server.py", line 436, in handle
    self.handle_one_request()
  File "C:\Users\vin\anaconda3\Lib\http\server.py", line 424, in handle_one_request
    method()
  File "C:\Users\vin\anaconda3\Lib\site-packages\werkzeug\serving.py", line 371, in run_wsgi
    execute(self.server.app)
  File "C:\Users\vin\anaconda3\Lib\site-packages\werkzeug\serving.py", line 332, in execute
    application_iter = app(environ, start_response)
  File "C:\Users\vin\anaconda3\Lib\site-packages\flask\app.py", line 1536, in __call__
    return self.wsgi_app(environ, start_response)
  File "C:\Users\vin\anaconda3\Lib\site-packages\flask\app.py", line 1511, in wsgi_app
    response = self.full_dispatch_request()
  File "C:\Users\vin\anaconda3\Lib\site-packages\flask\app.py", line 917, in full_dispatch_request
    rv = self.dispatch_request()
  File "C:\Users\vin\anaconda3\Lib\site-packages\flask\app.py", line 902, in dispatch_request
    return self.ensure_sync(self.view_functions[rule.endpoint])(**view_args)  # type: ignore[no-any-return]
  File "G:\MNEMOS\service\app.py", line 2396, in search
    res = _runtime.search_documents(
  File "G:\MNEMOS\service\app.py", line 1201, in search_documents
    results, mode_meta = self._router.search(**{**_default_retrieval_kwargs, **_r1_retrieval_overrides})
  File "G:\MNEMOS\mnemos\retrieval\retrieval_router.py", line 1303, in search
    hits, rr_telemetry = self._rerank_with_budget(budget_plan, query, hits, t_e)
  File "G:\MNEMOS\mnemos\retrieval\retrieval_router.py", line 325, in _rerank_with_budget
    results, telemetry = self._apply_conditional_rerank(query, candidates, dense_latency_ms)
  File "G:\MNEMOS\mnemos\retrieval\retrieval_router.py", line 729, in _apply_conditional_rerank
    self._telemetry_sink.emit(telemetry)
  File "G:\MNEMOS\mnemos\retrieval\telemetry.py", line 50, in emit
    self.logger.info(json.dumps(event))
Message: '{"timestamp": "2026-07-02T20:53:24.849950+00:00", "request_id": "e40c3662-73a3-4691-bb24-76b53f367cc6", "query_hash": "8598122140938397510", "query_family": "unknown", "query_family_confidence": 0.2, "rerank_eligible": false, "rerank_applied": false, "shadow_evaluated": true, "rerank_model": "BAAI/bge-reranker-base", "rerank_depth": 20, "rerank_skip_reason": "family_not_allowed", "dense_latency_ms": 26.738799992017448, "rerank_latency_ms": 142.40719994995743, "total_latency_ms": 169.14599994197488, "circuit_breaker_state": "closed", "dense_top_k": 8, "dense_top1_doc_id": "r1seed::docs__reports__post_gatemem_authorized_backlog_closeout.md::chunk000", "final_top1_doc_id": "r1seed::docs__reports__post_gatemem_authorized_backlog_closeout.md::chunk000", "timeout_occurred": false, "error_occurred": false, "service_healthy": true, "rerank_service_health": {"healthy": true, "model_loaded": true, "last_error": null, "warm": true, "latency_ms": 0.0}, "top3_changed": true, "top10_changed": false}'
Arguments: ()
2026-07-03 08:53:25,121 INFO [werkzeug] 127.0.0.1 - - [03/Jul/2026 08:53:25] "POST /v1/mnemos/search HTTP/1.1" 200 -
--- Logging error ---
Traceback (most recent call last):
  File "C:\Users\vin\anaconda3\Lib\logging\handlers.py", line 74, in emit
    self.doRollover()
  File "C:\Users\vin\anaconda3\Lib\logging\handlers.py", line 446, in doRollover
    self.rotate(self.baseFilename, dfn)
  File "C:\Users\vin\anaconda3\Lib\logging\handlers.py", line 115, in rotate
    os.rename(source, dest)
PermissionError: [WinError 32] The process cannot access the file because it is being used by another process: 'G:\\MNEMOS\\logs\\retrieval_telemetry.jsonl' -> 'G:\\MNEMOS\\logs\\retrieval_telemetry.jsonl.2026-07-01'
Call stack:
  File "C:\Users\vin\anaconda3\Lib\threading.py", line 1032, in _bootstrap
    self._bootstrap_inner()
  File "C:\Users\vin\anaconda3\Lib\threading.py", line 1075, in _bootstrap_inner
    self.run()
  File "C:\Users\vin\anaconda3\Lib\threading.py", line 1012, in run
    self._target(*self._args, **self._kwargs)
  File "C:\Users\vin\anaconda3\Lib\socketserver.py", line 692, in process_request_thread
    self.finish_request(request, client_address)
  File "C:\Users\vin\anaconda3\Lib\socketserver.py", line 362, in finish_request
    self.RequestHandlerClass(request, client_address, self)
  File "C:\Users\vin\anaconda3\Lib\socketserver.py", line 761, in __init__
    self.handle()
  File "C:\Users\vin\anaconda3\Lib\site-packages\werkzeug\serving.py", line 399, in handle
    super().handle()
  File "C:\Users\vin\anaconda3\Lib\http\server.py", line 436, in handle
    self.handle_one_request()
  File "C:\Users\vin\anaconda3\Lib\http\server.py", line 424, in handle_one_request
    method()
  File "C:\Users\vin\anaconda3\Lib\site-packages\werkzeug\serving.py", line 371, in run_wsgi
    execute(self.server.app)
  File "C:\Users\vin\anaconda3\Lib\site-packages\werkzeug\serving.py", line 332, in execute
    application_iter = app(environ, start_response)
  File "C:\Users\vin\anaconda3\Lib\site-packages\flask\app.py", line 1536, in __call__
    return self.wsgi_app(environ, start_response)
  File "C:\Users\vin\anaconda3\Lib\site-packages\flask\app.py", line 1511, in wsgi_app
    response = self.full_dispatch_request()
  File "C:\Users\vin\anaconda3\Lib\site-packages\flask\app.py", line 917, in full_dispatch_request
    rv = self.dispatch_request()
  File "C:\Users\vin\anaconda3\Lib\site-packages\flask\app.py", line 902, in dispatch_request
    return self.ensure_sync(self.view_functions[rule.endpoint])(**view_args)  # type: ignore[no-any-return]
  File "G:\MNEMOS\service\app.py", line 2396, in search
    res = _runtime.search_documents(
  File "G:\MNEMOS\service\app.py", line 1201, in search_documents
    results, mode_meta = self._router.search(**{**_default_retrieval_kwargs, **_r1_retrieval_overrides})
  File "G:\MNEMOS\mnemos\retrieval\retrieval_router.py", line 1303, in search
    hits, rr_telemetry = self._rerank_with_budget(budget_plan, query, hits, t_e)
  File "G:\MNEMOS\mnemos\retrieval\retrieval_router.py", line 325, in _rerank_with_budget
    results, telemetry = self._apply_conditional_rerank(query, candidates, dense_latency_ms)
  File "G:\MNEMOS\mnemos\retrieval\retrieval_router.py", line 729, in _apply_conditional_rerank
    self._telemetry_sink.emit(telemetry)
  File "G:\MNEMOS\mnemos\retrieval\telemetry.py", line 50, in emit
    self.logger.info(json.dumps(event))
Message: '{"timestamp": "2026-07-02T20:53:25.981625+00:00", "request_id": "d16706d1-60af-4ae6-84ba-76f521a44f62", "query_hash": "-2248757786365367963", "query_family": "unknown", "query_family_confidence": 0.2, "rerank_eligible": false, "rerank_applied": false, "shadow_evaluated": true, "rerank_model": "BAAI/bge-reranker-base", "rerank_depth": 20, "rerank_skip_reason": "family_not_allowed", "dense_latency_ms": 19.83580004889518, "rerank_latency_ms": 101.85169999022037, "total_latency_ms": 121.68750003911555, "circuit_breaker_state": "closed", "dense_top_k": 8, "dense_top1_doc_id": "r1seed::docs__README.md::chunk000", "final_top1_doc_id": "r1seed::docs__README.md::chunk000", "timeout_occurred": false, "error_occurred": false, "service_healthy": true, "rerank_service_health": {"healthy": true, "model_loaded": true, "last_error": null, "warm": true, "latency_ms": 0.0}, "top3_changed": true, "top10_changed": false}'
Arguments: ()
2026-07-03 08:53:26,184 INFO [werkzeug] 127.0.0.1 - - [03/Jul/2026 08:53:26] "POST /v1/mnemos/search HTTP/1.1" 200 -
--- Logging error ---
Traceback (most recent call last):
  File "C:\Users\vin\anaconda3\Lib\logging\handlers.py", line 74, in emit
    self.doRollover()
  File "C:\Users\vin\anaconda3\Lib\logging\handlers.py", line 446, in doRollover
    self.rotate(self.baseFilename, dfn)
  File "C:\Users\vin\anaconda3\Lib\logging\handlers.py", line 115, in rotate
    os.rename(source, dest)
PermissionError: [WinError 32] The process cannot access the file because it is being used by another process: 'G:\\MNEMOS\\logs\\retrieval_telemetry.jsonl' -> 'G:\\MNEMOS\\logs\\retrieval_telemetry.jsonl.2026-07-01'
Call stack:
  File "C:\Users\vin\anaconda3\Lib\threading.py", line 1032, in _bootstrap
    self._bootstrap_inner()
  File "C:\Users\vin\anaconda3\Lib\threading.py", line 1075, in _bootstrap_inner
    self.run()
  File "C:\Users\vin\anaconda3\Lib\threading.py", line 1012, in run
    self._target(*self._args, **self._kwargs)
  File "C:\Users\vin\anaconda3\Lib\socketserver.py", line 692, in process_request_thread
    self.finish_request(request, client_address)
  File "C:\Users\vin\anaconda3\Lib\socketserver.py", line 362, in finish_request
    self.RequestHandlerClass(request, client_address, self)
  File "C:\Users\vin\anaconda3\Lib\socketserver.py", line 761, in __init__
    self.handle()
  File "C:\Users\vin\anaconda3\Lib\site-packages\werkzeug\serving.py", line 399, in handle
    super().handle()
  File "C:\Users\vin\anaconda3\Lib\http\server.py", line 436, in handle
    self.handle_one_request()
  File "C:\Users\vin\anaconda3\Lib\http\server.py", line 424, in handle_one_request
    method()
  File "C:\Users\vin\anaconda3\Lib\site-packages\werkzeug\serving.py", line 371, in run_wsgi
    execute(self.server.app)
  File "C:\Users\vin\anaconda3\Lib\site-packages\werkzeug\serving.py", line 332, in execute
    application_iter = app(environ, start_response)
  File "C:\Users\vin\anaconda3\Lib\site-packages\flask\app.py", line 1536, in __call__
    return self.wsgi_app(environ, start_response)
  File "C:\Users\vin\anaconda3\Lib\site-packages\flask\app.py", line 1511, in wsgi_app
    response = self.full_dispatch_request()
  File "C:\Users\vin\anaconda3\Lib\site-packages\flask\app.py", line 917, in full_dispatch_request
    rv = self.dispatch_request()
  File "C:\Users\vin\anaconda3\Lib\site-packages\flask\app.py", line 902, in dispatch_request
    return self.ensure_sync(self.view_functions[rule.endpoint])(**view_args)  # type: ignore[no-any-return]
  File "G:\MNEMOS\service\app.py", line 2396, in search
    res = _runtime.search_documents(
  File "G:\MNEMOS\service\app.py", line 1201, in search_documents
    results, mode_meta = self._router.search(**{**_default_retrieval_kwargs, **_r1_retrieval_overrides})
  File "G:\MNEMOS\mnemos\retrieval\retrieval_router.py", line 1303, in search
    hits, rr_telemetry = self._rerank_with_budget(budget_plan, query, hits, t_e)
  File "G:\MNEMOS\mnemos\retrieval\retrieval_router.py", line 325, in _rerank_with_budget
    results, telemetry = self._apply_conditional_rerank(query, candidates, dense_latency_ms)
  File "G:\MNEMOS\mnemos\retrieval\retrieval_router.py", line 729, in _apply_conditional_rerank
    self._telemetry_sink.emit(telemetry)
  File "G:\MNEMOS\mnemos\retrieval\telemetry.py", line 50, in emit
    self.logger.info(json.dumps(event))
Message: '{"timestamp": "2026-07-02T20:53:26.938826+00:00", "request_id": "56726730-edab-4fe7-a179-dba0fded683b", "query_hash": "-5869432792925595671", "query_family": "unknown", "query_family_confidence": 0.2, "rerank_eligible": false, "rerank_applied": false, "shadow_evaluated": true, "rerank_model": "BAAI/bge-reranker-base", "rerank_depth": 20, "rerank_skip_reason": "family_not_allowed", "dense_latency_ms": 10.701500112190843, "rerank_latency_ms": 141.10400003846735, "total_latency_ms": 151.8055001506582, "circuit_breaker_state": "closed", "dense_top_k": 8, "dense_top1_doc_id": "r1seed::docs__whitepaper.md::chunk005", "final_top1_doc_id": "r1seed::docs__whitepaper.md::chunk005", "timeout_occurred": false, "error_occurred": false, "service_healthy": true, "rerank_service_health": {"healthy": true, "model_loaded": true, "last_error": null, "warm": true, "latency_ms": 0.0}, "top3_changed": true, "top10_changed": false}'
Arguments: ()
2026-07-03 08:53:27,309 INFO [werkzeug] 127.0.0.1 - - [03/Jul/2026 08:53:27] "POST /v1/mnemos/search HTTP/1.1" 200 -
--- Logging error ---
Traceback (most recent call last):
  File "C:\Users\vin\anaconda3\Lib\logging\handlers.py", line 74, in emit
    self.doRollover()
  File "C:\Users\vin\anaconda3\Lib\logging\handlers.py", line 446, in doRollover
    self.rotate(self.baseFilename, dfn)
  File "C:\Users\vin\anaconda3\Lib\logging\handlers.py", line 115, in rotate
    os.rename(source, dest)
PermissionError: [WinError 32] The process cannot access the file because it is being used by another process: 'G:\\MNEMOS\\logs\\retrieval_telemetry.jsonl' -> 'G:\\MNEMOS\\logs\\retrieval_telemetry.jsonl.2026-07-01'
Call stack:
  File "C:\Users\vin\anaconda3\Lib\threading.py", line 1032, in _bootstrap
    self._bootstrap_inner()
  File "C:\Users\vin\anaconda3\Lib\threading.py", line 1075, in _bootstrap_inner
    self.run()
  File "C:\Users\vin\anaconda3\Lib\threading.py", line 1012, in run
    self._target(*self._args, **self._kwargs)
  File "C:\Users\vin\anaconda3\Lib\socketserver.py", line 692, in process_request_thread
    self.finish_request(request, client_address)
  File "C:\Users\vin\anaconda3\Lib\socketserver.py", line 362, in finish_request
    self.RequestHandlerClass(request, client_address, self)
  File "C:\Users\vin\anaconda3\Lib\socketserver.py", line 761, in __init__
    self.handle()
  File "C:\Users\vin\anaconda3\Lib\site-packages\werkzeug\serving.py", line 399, in handle
    super().handle()
  File "C:\Users\vin\anaconda3\Lib\http\server.py", line 436, in handle
    self.handle_one_request()
  File "C:\Users\vin\anaconda3\Lib\http\server.py", line 424, in handle_one_request
    method()
  File "C:\Users\vin\anaconda3\Lib\site-packages\werkzeug\serving.py", line 371, in run_wsgi
    execute(self.server.app)
  File "C:\Users\vin\anaconda3\Lib\site-packages\werkzeug\serving.py", line 332, in execute
    application_iter = app(environ, start_response)
  File "C:\Users\vin\anaconda3\Lib\site-packages\flask\app.py", line 1536, in __call__
    return self.wsgi_app(environ, start_response)
  File "C:\Users\vin\anaconda3\Lib\site-packages\flask\app.py", line 1511, in wsgi_app
    response = self.full_dispatch_request()
  File "C:\Users\vin\anaconda3\Lib\site-packages\flask\app.py", line 917, in full_dispatch_request
    rv = self.dispatch_request()
  File "C:\Users\vin\anaconda3\Lib\site-packages\flask\app.py", line 902, in dispatch_request
    return self.ensure_sync(self.view_functions[rule.endpoint])(**view_args)  # type: ignore[no-any-return]
  File "G:\MNEMOS\service\app.py", line 2396, in search
    res = _runtime.search_documents(
  File "G:\MNEMOS\service\app.py", line 1201, in search_documents
    results, mode_meta = self._router.search(**{**_default_retrieval_kwargs, **_r1_retrieval_overrides})
  File "G:\MNEMOS\mnemos\retrieval\retrieval_router.py", line 1303, in search
    hits, rr_telemetry = self._rerank_with_budget(budget_plan, query, hits, t_e)
  File "G:\MNEMOS\mnemos\retrieval\retrieval_router.py", line 325, in _rerank_with_budget
    results, telemetry = self._apply_conditional_rerank(query, candidates, dense_latency_ms)
  File "G:\MNEMOS\mnemos\retrieval\retrieval_router.py", line 729, in _apply_conditional_rerank
    self._telemetry_sink.emit(telemetry)
  File "G:\MNEMOS\mnemos\retrieval\telemetry.py", line 50, in emit
    self.logger.info(json.dumps(event))
Message: '{"timestamp": "2026-07-02T20:53:28.093303+00:00", "request_id": "f40a200b-167b-440b-a300-a94bb4e625ad", "query_hash": "-5632552153499147873", "query_family": "unknown", "query_family_confidence": 0.2, "rerank_eligible": false, "rerank_applied": false, "shadow_evaluated": true, "rerank_model": "BAAI/bge-reranker-base", "rerank_depth": 20, "rerank_skip_reason": "family_not_allowed", "dense_latency_ms": 10.216900031082332, "rerank_latency_ms": 121.04050000198185, "total_latency_ms": 131.2574000330642, "circuit_breaker_state": "closed", "dense_top_k": 8, "dense_top1_doc_id": "r1seed::docs__adr__0008-consumer-neutral-read-only-shadow-adapter-implementation.md::chunk000", "final_top1_doc_id": "r1seed::docs__adr__0008-consumer-neutral-read-only-shadow-adapter-implementation.md::chunk000", "timeout_occurred": false, "error_occurred": false, "service_healthy": true, "rerank_service_health": {"healthy": true, "model_loaded": true, "last_error": null, "warm": true, "latency_ms": 0.0}, "top3_changed": true, "top10_changed": false}'
Arguments: ()
2026-07-03 08:53:28,321 INFO [werkzeug] 127.0.0.1 - - [03/Jul/2026 08:53:28] "POST /v1/mnemos/search HTTP/1.1" 200 -
--- Logging error ---
Traceback (most recent call last):
  File "C:\Users\vin\anaconda3\Lib\logging\handlers.py", line 74, in emit
    self.doRollover()
  File "C:\Users\vin\anaconda3\Lib\logging\handlers.py", line 446, in doRollover
    self.rotate(self.baseFilename, dfn)
  File "C:\Users\vin\anaconda3\Lib\logging\handlers.py", line 115, in rotate
    os.rename(source, dest)
PermissionError: [WinError 32] The process cannot access the file because it is being used by another process: 'G:\\MNEMOS\\logs\\retrieval_telemetry.jsonl' -> 'G:\\MNEMOS\\logs\\retrieval_telemetry.jsonl.2026-07-01'
Call stack:
  File "C:\Users\vin\anaconda3\Lib\threading.py", line 1032, in _bootstrap
    self._bootstrap_inner()
  File "C:\Users\vin\anaconda3\Lib\threading.py", line 1075, in _bootstrap_inner
    self.run()
  File "C:\Users\vin\anaconda3\Lib\threading.py", line 1012, in run
    self._target(*self._args, **self._kwargs)
  File "C:\Users\vin\anaconda3\Lib\socketserver.py", line 692, in process_request_thread
    self.finish_request(request, client_address)
  File "C:\Users\vin\anaconda3\Lib\socketserver.py", line 362, in finish_request
    self.RequestHandlerClass(request, client_address, self)
  File "C:\Users\vin\anaconda3\Lib\socketserver.py", line 761, in __init__
    self.handle()
  File "C:\Users\vin\anaconda3\Lib\site-packages\werkzeug\serving.py", line 399, in handle
    super().handle()
  File "C:\Users\vin\anaconda3\Lib\http\server.py", line 436, in handle
    self.handle_one_request()
  File "C:\Users\vin\anaconda3\Lib\http\server.py", line 424, in handle_one_request
    method()
  File "C:\Users\vin\anaconda3\Lib\site-packages\werkzeug\serving.py", line 371, in run_wsgi
    execute(self.server.app)
  File "C:\Users\vin\anaconda3\Lib\site-packages\werkzeug\serving.py", line 332, in execute
    application_iter = app(environ, start_response)
  File "C:\Users\vin\anaconda3\Lib\site-packages\flask\app.py", line 1536, in __call__
    return self.wsgi_app(environ, start_response)
  File "C:\Users\vin\anaconda3\Lib\site-packages\flask\app.py", line 1511, in wsgi_app
    response = self.full_dispatch_request()
  File "C:\Users\vin\anaconda3\Lib\site-packages\flask\app.py", line 917, in full_dispatch_request
    rv = self.dispatch_request()
  File "C:\Users\vin\anaconda3\Lib\site-packages\flask\app.py", line 902, in dispatch_request
    return self.ensure_sync(self.view_functions[rule.endpoint])(**view_args)  # type: ignore[no-any-return]
  File "G:\MNEMOS\service\app.py", line 2396, in search
    res = _runtime.search_documents(
  File "G:\MNEMOS\service\app.py", line 1201, in search_documents
    results, mode_meta = self._router.search(**{**_default_retrieval_kwargs, **_r1_retrieval_overrides})
  File "G:\MNEMOS\mnemos\retrieval\retrieval_router.py", line 1303, in search
    hits, rr_telemetry = self._rerank_with_budget(budget_plan, query, hits, t_e)
  File "G:\MNEMOS\mnemos\retrieval\retrieval_router.py", line 325, in _rerank_with_budget
    results, telemetry = self._apply_conditional_rerank(query, candidates, dense_latency_ms)
  File "G:\MNEMOS\mnemos\retrieval\retrieval_router.py", line 729, in _apply_conditional_rerank
    self._telemetry_sink.emit(telemetry)
  File "G:\MNEMOS\mnemos\retrieval\telemetry.py", line 50, in emit
    self.logger.info(json.dumps(event))
Message: '{"timestamp": "2026-07-02T20:53:29.067451+00:00", "request_id": "66cdb20a-13fe-4895-bab4-301a7ab0591c", "query_hash": "5814750087179764391", "query_family": "unknown", "query_family_confidence": 0.2, "rerank_eligible": false, "rerank_applied": false, "shadow_evaluated": true, "rerank_model": "BAAI/bge-reranker-base", "rerank_depth": 20, "rerank_skip_reason": "family_not_allowed", "dense_latency_ms": 9.535200078971684, "rerank_latency_ms": 132.01289996504784, "total_latency_ms": 141.54810004401952, "circuit_breaker_state": "closed", "dense_top_k": 8, "dense_top1_doc_id": "r1seed::README.md::chunk010", "final_top1_doc_id": "r1seed::README.md::chunk010", "timeout_occurred": false, "error_occurred": false, "service_healthy": true, "rerank_service_health": {"healthy": true, "model_loaded": true, "last_error": null, "warm": true, "latency_ms": 0.0}, "top3_changed": false, "top10_changed": false}'
Arguments: ()
2026-07-03 08:53:29,319 INFO [werkzeug] 127.0.0.1 - - [03/Jul/2026 08:53:29] "POST /v1/mnemos/search HTTP/1.1" 200 -
--- Logging error ---
Traceback (most recent call last):
  File "C:\Users\vin\anaconda3\Lib\logging\handlers.py", line 74, in emit
    self.doRollover()
  File "C:\Users\vin\anaconda3\Lib\logging\handlers.py", line 446, in doRollover
    self.rotate(self.baseFilename, dfn)
  File "C:\Users\vin\anaconda3\Lib\logging\handlers.py", line 115, in rotate
    os.rename(source, dest)
PermissionError: [WinError 32] The process cannot access the file because it is being used by another process: 'G:\\MNEMOS\\logs\\retrieval_telemetry.jsonl' -> 'G:\\MNEMOS\\logs\\retrieval_telemetry.jsonl.2026-07-01'
Call stack:
  File "C:\Users\vin\anaconda3\Lib\threading.py", line 1032, in _bootstrap
    self._bootstrap_inner()
  File "C:\Users\vin\anaconda3\Lib\threading.py", line 1075, in _bootstrap_inner
    self.run()
  File "C:\Users\vin\anaconda3\Lib\threading.py", line 1012, in run
    self._target(*self._args, **self._kwargs)
  File "C:\Users\vin\anaconda3\Lib\socketserver.py", line 692, in process_request_thread
    self.finish_request(request, client_address)
  File "C:\Users\vin\anaconda3\Lib\socketserver.py", line 362, in finish_request
    self.RequestHandlerClass(request, client_address, self)
  File "C:\Users\vin\anaconda3\Lib\socketserver.py", line 761, in __init__
    self.handle()
  File "C:\Users\vin\anaconda3\Lib\site-packages\werkzeug\serving.py", line 399, in handle
    super().handle()
  File "C:\Users\vin\anaconda3\Lib\http\server.py", line 436, in handle
    self.handle_one_request()
  File "C:\Users\vin\anaconda3\Lib\http\server.py", line 424, in handle_one_request
    method()
  File "C:\Users\vin\anaconda3\Lib\site-packages\werkzeug\serving.py", line 371, in run_wsgi
    execute(self.server.app)
  File "C:\Users\vin\anaconda3\Lib\site-packages\werkzeug\serving.py", line 332, in execute
    application_iter = app(environ, start_response)
  File "C:\Users\vin\anaconda3\Lib\site-packages\flask\app.py", line 1536, in __call__
    return self.wsgi_app(environ, start_response)
  File "C:\Users\vin\anaconda3\Lib\site-packages\flask\app.py", line 1511, in wsgi_app
    response = self.full_dispatch_request()
  File "C:\Users\vin\anaconda3\Lib\site-packages\flask\app.py", line 917, in full_dispatch_request
    rv = self.dispatch_request()
  File "C:\Users\vin\anaconda3\Lib\site-packages\flask\app.py", line 902, in dispatch_request
    return self.ensure_sync(self.view_functions[rule.endpoint])(**view_args)  # type: ignore[no-any-return]
  File "G:\MNEMOS\service\app.py", line 2396, in search
    res = _runtime.search_documents(
  File "G:\MNEMOS\service\app.py", line 1201, in search_documents
    results, mode_meta = self._router.search(**{**_default_retrieval_kwargs, **_r1_retrieval_overrides})
  File "G:\MNEMOS\mnemos\retrieval\retrieval_router.py", line 1303, in search
    hits, rr_telemetry = self._rerank_with_budget(budget_plan, query, hits, t_e)
  File "G:\MNEMOS\mnemos\retrieval\retrieval_router.py", line 325, in _rerank_with_budget
    results, telemetry = self._apply_conditional_rerank(query, candidates, dense_latency_ms)
  File "G:\MNEMOS\mnemos\retrieval\retrieval_router.py", line 729, in _apply_conditional_rerank
    self._telemetry_sink.emit(telemetry)
  File "G:\MNEMOS\mnemos\retrieval\telemetry.py", line 50, in emit
    self.logger.info(json.dumps(event))
Message: '{"timestamp": "2026-07-02T20:53:30.094064+00:00", "request_id": "b9829353-4d63-4987-947b-07c596204755", "query_hash": "7991231219676979745", "query_family": "unknown", "query_family_confidence": 0.2, "rerank_eligible": false, "rerank_applied": false, "shadow_evaluated": true, "rerank_model": "BAAI/bge-reranker-base", "rerank_depth": 20, "rerank_skip_reason": "family_not_allowed", "dense_latency_ms": 29.617700027301908, "rerank_latency_ms": 94.71890004351735, "total_latency_ms": 124.33660007081926, "circuit_breaker_state": "closed", "dense_top_k": 8, "dense_top1_doc_id": "r1seed::docs__adr__0001-deployment-profiles.md::chunk002", "final_top1_doc_id": "r1seed::docs__adr__0001-deployment-profiles.md::chunk002", "timeout_occurred": false, "error_occurred": false, "service_healthy": true, "rerank_service_health": {"healthy": true, "model_loaded": true, "last_error": null, "warm": true, "latency_ms": 0.0}, "top3_changed": true, "top10_changed": false}'
Arguments: ()
2026-07-03 08:53:30,288 INFO [werkzeug] 127.0.0.1 - - [03/Jul/2026 08:53:30] "POST /v1/mnemos/search HTTP/1.1" 200 -
--- Logging error ---
Traceback (most recent call last):
  File "C:\Users\vin\anaconda3\Lib\logging\handlers.py", line 74, in emit
    self.doRollover()
  File "C:\Users\vin\anaconda3\Lib\logging\handlers.py", line 446, in doRollover
    self.rotate(self.baseFilename, dfn)
  File "C:\Users\vin\anaconda3\Lib\logging\handlers.py", line 115, in rotate
    os.rename(source, dest)
PermissionError: [WinError 32] The process cannot access the file because it is being used by another process: 'G:\\MNEMOS\\logs\\retrieval_telemetry.jsonl' -> 'G:\\MNEMOS\\logs\\retrieval_telemetry.jsonl.2026-07-01'
Call stack:
  File "C:\Users\vin\anaconda3\Lib\threading.py", line 1032, in _bootstrap
    self._bootstrap_inner()
  File "C:\Users\vin\anaconda3\Lib\threading.py", line 1075, in _bootstrap_inner
    self.run()
  File "C:\Users\vin\anaconda3\Lib\threading.py", line 1012, in run
    self._target(*self._args, **self._kwargs)
  File "C:\Users\vin\anaconda3\Lib\socketserver.py", line 692, in process_request_thread
    self.finish_request(request, client_address)
  File "C:\Users\vin\anaconda3\Lib\socketserver.py", line 362, in finish_request
    self.RequestHandlerClass(request, client_address, self)
  File "C:\Users\vin\anaconda3\Lib\socketserver.py", line 761, in __init__
    self.handle()
  File "C:\Users\vin\anaconda3\Lib\site-packages\werkzeug\serving.py", line 399, in handle
    super().handle()
  File "C:\Users\vin\anaconda3\Lib\http\server.py", line 436, in handle
    self.handle_one_request()
  File "C:\Users\vin\anaconda3\Lib\http\server.py", line 424, in handle_one_request
    method()
  File "C:\Users\vin\anaconda3\Lib\site-packages\werkzeug\serving.py", line 371, in run_wsgi
    execute(self.server.app)
  File "C:\Users\vin\anaconda3\Lib\site-packages\werkzeug\serving.py", line 332, in execute
    application_iter = app(environ, start_response)
  File "C:\Users\vin\anaconda3\Lib\site-packages\flask\app.py", line 1536, in __call__
    return self.wsgi_app(environ, start_response)
  File "C:\Users\vin\anaconda3\Lib\site-packages\flask\app.py", line 1511, in wsgi_app
    response = self.full_dispatch_request()
  File "C:\Users\vin\anaconda3\Lib\site-packages\flask\app.py", line 917, in full_dispatch_request
    rv = self.dispatch_request()
  File "C:\Users\vin\anaconda3\Lib\site-packages\flask\app.py", line 902, in dispatch_request
    return self.ensure_sync(self.view_functions[rule.endpoint])(**view_args)  # type: ignore[no-any-return]
  File "G:\MNEMOS\service\app.py", line 2396, in search
    res = _runtime.search_documents(
  File "G:\MNEMOS\service\app.py", line 1201, in search_documents
    results, mode_meta = self._router.search(**{**_default_retrieval_kwargs, **_r1_retrieval_overrides})
  File "G:\MNEMOS\mnemos\retrieval\retrieval_router.py", line 1303, in search
    hits, rr_telemetry = self._rerank_with_budget(budget_plan, query, hits, t_e)
  File "G:\MNEMOS\mnemos\retrieval\retrieval_router.py", line 325, in _rerank_with_budget
    results, telemetry = self._apply_conditional_rerank(query, candidates, dense_latency_ms)
  File "G:\MNEMOS\mnemos\retrieval\retrieval_router.py", line 729, in _apply_conditional_rerank
    self._telemetry_sink.emit(telemetry)
  File "G:\MNEMOS\mnemos\retrieval\telemetry.py", line 50, in emit
    self.logger.info(json.dumps(event))
Message: '{"timestamp": "2026-07-02T20:53:31.061359+00:00", "request_id": "20b2ae3a-07b3-46db-8ec4-d14c3f1cf6e7", "query_hash": "6017443726947328211", "query_family": "unknown", "query_family_confidence": 0.2, "rerank_eligible": false, "rerank_applied": false, "shadow_evaluated": true, "rerank_model": "BAAI/bge-reranker-base", "rerank_depth": 20, "rerank_skip_reason": "family_not_allowed", "dense_latency_ms": 7.010700064711273, "rerank_latency_ms": 38.562500034458935, "total_latency_ms": 45.57320009917021, "circuit_breaker_state": "closed", "dense_top_k": 8, "dense_top1_doc_id": "r1seed::docs__whitepaper.md::chunk027", "final_top1_doc_id": "r1seed::docs__whitepaper.md::chunk027", "timeout_occurred": false, "error_occurred": false, "service_healthy": true, "rerank_service_health": {"healthy": true, "model_loaded": true, "last_error": null, "warm": true, "latency_ms": 0.0}, "top3_changed": true, "top10_changed": false}'
Arguments: ()
2026-07-03 08:53:31,230 INFO [werkzeug] 127.0.0.1 - - [03/Jul/2026 08:53:31] "POST /v1/mnemos/search HTTP/1.1" 200 -
--- Logging error ---
Traceback (most recent call last):
  File "C:\Users\vin\anaconda3\Lib\logging\handlers.py", line 74, in emit
    self.doRollover()
  File "C:\Users\vin\anaconda3\Lib\logging\handlers.py", line 446, in doRollover
    self.rotate(self.baseFilename, dfn)
  File "C:\Users\vin\anaconda3\Lib\logging\handlers.py", line 115, in rotate
    os.rename(source, dest)
PermissionError: [WinError 32] The process cannot access the file because it is being used by another process: 'G:\\MNEMOS\\logs\\retrieval_telemetry.jsonl' -> 'G:\\MNEMOS\\logs\\retrieval_telemetry.jsonl.2026-07-01'
Call stack:
  File "C:\Users\vin\anaconda3\Lib\threading.py", line 1032, in _bootstrap
    self._bootstrap_inner()
  File "C:\Users\vin\anaconda3\Lib\threading.py", line 1075, in _bootstrap_inner
    self.run()
  File "C:\Users\vin\anaconda3\Lib\threading.py", line 1012, in run
    self._target(*self._args, **self._kwargs)
  File "C:\Users\vin\anaconda3\Lib\socketserver.py", line 692, in process_request_thread
    self.finish_request(request, client_address)
  File "C:\Users\vin\anaconda3\Lib\socketserver.py", line 362, in finish_request
    self.RequestHandlerClass(request, client_address, self)
  File "C:\Users\vin\anaconda3\Lib\socketserver.py", line 761, in __init__
    self.handle()
  File "C:\Users\vin\anaconda3\Lib\site-packages\werkzeug\serving.py", line 399, in handle
    super().handle()
  File "C:\Users\vin\anaconda3\Lib\http\server.py", line 436, in handle
    self.handle_one_request()
  File "C:\Users\vin\anaconda3\Lib\http\server.py", line 424, in handle_one_request
    method()
  File "C:\Users\vin\anaconda3\Lib\site-packages\werkzeug\serving.py", line 371, in run_wsgi
    execute(self.server.app)
  File "C:\Users\vin\anaconda3\Lib\site-packages\werkzeug\serving.py", line 332, in execute
    application_iter = app(environ, start_response)
  File "C:\Users\vin\anaconda3\Lib\site-packages\flask\app.py", line 1536, in __call__
    return self.wsgi_app(environ, start_response)
  File "C:\Users\vin\anaconda3\Lib\site-packages\flask\app.py", line 1511, in wsgi_app
    response = self.full_dispatch_request()
  File "C:\Users\vin\anaconda3\Lib\site-packages\flask\app.py", line 917, in full_dispatch_request
    rv = self.dispatch_request()
  File "C:\Users\vin\anaconda3\Lib\site-packages\flask\app.py", line 902, in dispatch_request
    return self.ensure_sync(self.view_functions[rule.endpoint])(**view_args)  # type: ignore[no-any-return]
  File "G:\MNEMOS\service\app.py", line 2396, in search
    res = _runtime.search_documents(
  File "G:\MNEMOS\service\app.py", line 1201, in search_documents
    results, mode_meta = self._router.search(**{**_default_retrieval_kwargs, **_r1_retrieval_overrides})
  File "G:\MNEMOS\mnemos\retrieval\retrieval_router.py", line 1303, in search
    hits, rr_telemetry = self._rerank_with_budget(budget_plan, query, hits, t_e)
  File "G:\MNEMOS\mnemos\retrieval\retrieval_router.py", line 325, in _rerank_with_budget
    results, telemetry = self._apply_conditional_rerank(query, candidates, dense_latency_ms)
  File "G:\MNEMOS\mnemos\retrieval\retrieval_router.py", line 729, in _apply_conditional_rerank
    self._telemetry_sink.emit(telemetry)
  File "G:\MNEMOS\mnemos\retrieval\telemetry.py", line 50, in emit
    self.logger.info(json.dumps(event))
Message: '{"timestamp": "2026-07-02T20:53:32.034767+00:00", "request_id": "28ef24e6-8d75-4fd2-a4ca-46cd160c184e", "query_hash": "4622655942417614666", "query_family": "unknown", "query_family_confidence": 0.2, "rerank_eligible": false, "rerank_applied": false, "shadow_evaluated": true, "rerank_model": "BAAI/bge-reranker-base", "rerank_depth": 20, "rerank_skip_reason": "family_not_allowed", "dense_latency_ms": 19.137200084514916, "rerank_latency_ms": 82.21070002764463, "total_latency_ms": 101.34790011215955, "circuit_breaker_state": "closed", "dense_top_k": 8, "dense_top1_doc_id": "r1seed::docs__evidence_admission_and_budgeting_r0_closeout.md::chunk000", "final_top1_doc_id": "r1seed::docs__evidence_admission_and_budgeting_r0_closeout.md::chunk000", "timeout_occurred": false, "error_occurred": false, "service_healthy": true, "rerank_service_health": {"healthy": true, "model_loaded": true, "last_error": null, "warm": true, "latency_ms": 0.0}, "top3_changed": false, "top10_changed": false}'
Arguments: ()
2026-07-03 08:53:32,247 INFO [werkzeug] 127.0.0.1 - - [03/Jul/2026 08:53:32] "POST /v1/mnemos/search HTTP/1.1" 200 -
--- Logging error ---
Traceback (most recent call last):
  File "C:\Users\vin\anaconda3\Lib\logging\handlers.py", line 74, in emit
    self.doRollover()
  File "C:\Users\vin\anaconda3\Lib\logging\handlers.py", line 446, in doRollover
    self.rotate(self.baseFilename, dfn)
  File "C:\Users\vin\anaconda3\Lib\logging\handlers.py", line 115, in rotate
    os.rename(source, dest)
PermissionError: [WinError 32] The process cannot access the file because it is being used by another process: 'G:\\MNEMOS\\logs\\retrieval_telemetry.jsonl' -> 'G:\\MNEMOS\\logs\\retrieval_telemetry.jsonl.2026-07-01'
Call stack:
  File "C:\Users\vin\anaconda3\Lib\threading.py", line 1032, in _bootstrap
    self._bootstrap_inner()
  File "C:\Users\vin\anaconda3\Lib\threading.py", line 1075, in _bootstrap_inner
    self.run()
  File "C:\Users\vin\anaconda3\Lib\threading.py", line 1012, in run
    self._target(*self._args, **self._kwargs)
  File "C:\Users\vin\anaconda3\Lib\socketserver.py", line 692, in process_request_thread
    self.finish_request(request, client_address)
  File "C:\Users\vin\anaconda3\Lib\socketserver.py", line 362, in finish_request
    self.RequestHandlerClass(request, client_address, self)
  File "C:\Users\vin\anaconda3\Lib\socketserver.py", line 761, in __init__
    self.handle()
  File "C:\Users\vin\anaconda3\Lib\site-packages\werkzeug\serving.py", line 399, in handle
    super().handle()
  File "C:\Users\vin\anaconda3\Lib\http\server.py", line 436, in handle
    self.handle_one_request()
  File "C:\Users\vin\anaconda3\Lib\http\server.py", line 424, in handle_one_request
    method()
  File "C:\Users\vin\anaconda3\Lib\site-packages\werkzeug\serving.py", line 371, in run_wsgi
    execute(self.server.app)
  File "C:\Users\vin\anaconda3\Lib\site-packages\werkzeug\serving.py", line 332, in execute
    application_iter = app(environ, start_response)
  File "C:\Users\vin\anaconda3\Lib\site-packages\flask\app.py", line 1536, in __call__
    return self.wsgi_app(environ, start_response)
  File "C:\Users\vin\anaconda3\Lib\site-packages\flask\app.py", line 1511, in wsgi_app
    response = self.full_dispatch_request()
  File "C:\Users\vin\anaconda3\Lib\site-packages\flask\app.py", line 917, in full_dispatch_request
    rv = self.dispatch_request()
  File "C:\Users\vin\anaconda3\Lib\site-packages\flask\app.py", line 902, in dispatch_request
    return self.ensure_sync(self.view_functions[rule.endpoint])(**view_args)  # type: ignore[no-any-return]
  File "G:\MNEMOS\service\app.py", line 2396, in search
    res = _runtime.search_documents(
  File "G:\MNEMOS\service\app.py", line 1201, in search_documents
    results, mode_meta = self._router.search(**{**_default_retrieval_kwargs, **_r1_retrieval_overrides})
  File "G:\MNEMOS\mnemos\retrieval\retrieval_router.py", line 1303, in search
    hits, rr_telemetry = self._rerank_with_budget(budget_plan, query, hits, t_e)
  File "G:\MNEMOS\mnemos\retrieval\retrieval_router.py", line 325, in _rerank_with_budget
    results, telemetry = self._apply_conditional_rerank(query, candidates, dense_latency_ms)
  File "G:\MNEMOS\mnemos\retrieval\retrieval_router.py", line 729, in _apply_conditional_rerank
    self._telemetry_sink.emit(telemetry)
  File "G:\MNEMOS\mnemos\retrieval\telemetry.py", line 50, in emit
    self.logger.info(json.dumps(event))
Message: '{"timestamp": "2026-07-02T20:53:33.073641+00:00", "request_id": "31617d97-4b43-4801-aa68-081f426c860d", "query_hash": "1662834657745500713", "query_family": "unknown", "query_family_confidence": 0.2, "rerank_eligible": false, "rerank_applied": false, "shadow_evaluated": true, "rerank_model": "BAAI/bge-reranker-base", "rerank_depth": 20, "rerank_skip_reason": "family_not_allowed", "dense_latency_ms": 16.16760005708784, "rerank_latency_ms": 143.86630000080913, "total_latency_ms": 160.03390005789697, "circuit_breaker_state": "closed", "dense_top_k": 8, "dense_top1_doc_id": "r1seed::benchmarks__results__evidence_admission_r0_formal_http_service_run_001.json::chunk000", "final_top1_doc_id": "r1seed::benchmarks__results__evidence_admission_r0_formal_http_service_run_001.json::chunk000", "timeout_occurred": false, "error_occurred": false, "service_healthy": true, "rerank_service_health": {"healthy": true, "model_loaded": true, "last_error": null, "warm": true, "latency_ms": 0.0}, "top3_changed": true, "top10_changed": false}'
Arguments: ()
2026-07-03 08:53:33,476 INFO [werkzeug] 127.0.0.1 - - [03/Jul/2026 08:53:33] "POST /v1/mnemos/search HTTP/1.1" 200 -
--- Logging error ---
Traceback (most recent call last):
  File "C:\Users\vin\anaconda3\Lib\logging\handlers.py", line 74, in emit
    self.doRollover()
  File "C:\Users\vin\anaconda3\Lib\logging\handlers.py", line 446, in doRollover
    self.rotate(self.baseFilename, dfn)
  File "C:\Users\vin\anaconda3\Lib\logging\handlers.py", line 115, in rotate
    os.rename(source, dest)
PermissionError: [WinError 32] The process cannot access the file because it is being used by another process: 'G:\\MNEMOS\\logs\\retrieval_telemetry.jsonl' -> 'G:\\MNEMOS\\logs\\retrieval_telemetry.jsonl.2026-07-01'
Call stack:
  File "C:\Users\vin\anaconda3\Lib\threading.py", line 1032, in _bootstrap
    self._bootstrap_inner()
  File "C:\Users\vin\anaconda3\Lib\threading.py", line 1075, in _bootstrap_inner
    self.run()
  File "C:\Users\vin\anaconda3\Lib\threading.py", line 1012, in run
    self._target(*self._args, **self._kwargs)
  File "C:\Users\vin\anaconda3\Lib\socketserver.py", line 692, in process_request_thread
    self.finish_request(request, client_address)
  File "C:\Users\vin\anaconda3\Lib\socketserver.py", line 362, in finish_request
    self.RequestHandlerClass(request, client_address, self)
  File "C:\Users\vin\anaconda3\Lib\socketserver.py", line 761, in __init__
    self.handle()
  File "C:\Users\vin\anaconda3\Lib\site-packages\werkzeug\serving.py", line 399, in handle
    super().handle()
  File "C:\Users\vin\anaconda3\Lib\http\server.py", line 436, in handle
    self.handle_one_request()
  File "C:\Users\vin\anaconda3\Lib\http\server.py", line 424, in handle_one_request
    method()
  File "C:\Users\vin\anaconda3\Lib\site-packages\werkzeug\serving.py", line 371, in run_wsgi
    execute(self.server.app)
  File "C:\Users\vin\anaconda3\Lib\site-packages\werkzeug\serving.py", line 332, in execute
    application_iter = app(environ, start_response)
  File "C:\Users\vin\anaconda3\Lib\site-packages\flask\app.py", line 1536, in __call__
    return self.wsgi_app(environ, start_response)
  File "C:\Users\vin\anaconda3\Lib\site-packages\flask\app.py", line 1511, in wsgi_app
    response = self.full_dispatch_request()
  File "C:\Users\vin\anaconda3\Lib\site-packages\flask\app.py", line 917, in full_dispatch_request
    rv = self.dispatch_request()
  File "C:\Users\vin\anaconda3\Lib\site-packages\flask\app.py", line 902, in dispatch_request
    return self.ensure_sync(self.view_functions[rule.endpoint])(**view_args)  # type: ignore[no-any-return]
  File "G:\MNEMOS\service\app.py", line 2396, in search
    res = _runtime.search_documents(
  File "G:\MNEMOS\service\app.py", line 1201, in search_documents
    results, mode_meta = self._router.search(**{**_default_retrieval_kwargs, **_r1_retrieval_overrides})
  File "G:\MNEMOS\mnemos\retrieval\retrieval_router.py", line 1303, in search
    hits, rr_telemetry = self._rerank_with_budget(budget_plan, query, hits, t_e)
  File "G:\MNEMOS\mnemos\retrieval\retrieval_router.py", line 325, in _rerank_with_budget
    results, telemetry = self._apply_conditional_rerank(query, candidates, dense_latency_ms)
  File "G:\MNEMOS\mnemos\retrieval\retrieval_router.py", line 729, in _apply_conditional_rerank
    self._telemetry_sink.emit(telemetry)
  File "G:\MNEMOS\mnemos\retrieval\telemetry.py", line 50, in emit
    self.logger.info(json.dumps(event))
Message: '{"timestamp": "2026-07-02T20:53:34.300860+00:00", "request_id": "a4c3dd75-73e3-47bc-9cca-a3112dacf2a8", "query_hash": "1992557408653351068", "query_family": "unknown", "query_family_confidence": 0.2, "rerank_eligible": false, "rerank_applied": false, "shadow_evaluated": true, "rerank_model": "BAAI/bge-reranker-base", "rerank_depth": 20, "rerank_skip_reason": "family_not_allowed", "dense_latency_ms": 18.756499979645014, "rerank_latency_ms": 128.5904000978917, "total_latency_ms": 147.3469000775367, "circuit_breaker_state": "closed", "dense_top_k": 8, "dense_top1_doc_id": "r1seed::docs__evidence_admission_and_budgeting_r0_closeout.md::chunk000", "final_top1_doc_id": "r1seed::docs__evidence_admission_and_budgeting_r0_closeout.md::chunk000", "timeout_occurred": false, "error_occurred": false, "service_healthy": true, "rerank_service_health": {"healthy": true, "model_loaded": true, "last_error": null, "warm": true, "latency_ms": 0.0}, "top3_changed": false, "top10_changed": false}'
Arguments: ()
2026-07-03 08:53:34,565 INFO [werkzeug] 127.0.0.1 - - [03/Jul/2026 08:53:34] "POST /v1/mnemos/search HTTP/1.1" 200 -
--- Logging error ---
Traceback (most recent call last):
  File "C:\Users\vin\anaconda3\Lib\logging\handlers.py", line 74, in emit
    self.doRollover()
  File "C:\Users\vin\anaconda3\Lib\logging\handlers.py", line 446, in doRollover
    self.rotate(self.baseFilename, dfn)
  File "C:\Users\vin\anaconda3\Lib\logging\handlers.py", line 115, in rotate
    os.rename(source, dest)
PermissionError: [WinError 32] The process cannot access the file because it is being used by another process: 'G:\\MNEMOS\\logs\\retrieval_telemetry.jsonl' -> 'G:\\MNEMOS\\logs\\retrieval_telemetry.jsonl.2026-07-01'
Call stack:
  File "C:\Users\vin\anaconda3\Lib\threading.py", line 1032, in _bootstrap
    self._bootstrap_inner()
  File "C:\Users\vin\anaconda3\Lib\threading.py", line 1075, in _bootstrap_inner
    self.run()
  File "C:\Users\vin\anaconda3\Lib\threading.py", line 1012, in run
    self._target(*self._args, **self._kwargs)
  File "C:\Users\vin\anaconda3\Lib\socketserver.py", line 692, in process_request_thread
    self.finish_request(request, client_address)
  File "C:\Users\vin\anaconda3\Lib\socketserver.py", line 362, in finish_request
    self.RequestHandlerClass(request, client_address, self)
  File "C:\Users\vin\anaconda3\Lib\socketserver.py", line 761, in __init__
    self.handle()
  File "C:\Users\vin\anaconda3\Lib\site-packages\werkzeug\serving.py", line 399, in handle
    super().handle()
  File "C:\Users\vin\anaconda3\Lib\http\server.py", line 436, in handle
    self.handle_one_request()
  File "C:\Users\vin\anaconda3\Lib\http\server.py", line 424, in handle_one_request
    method()
  File "C:\Users\vin\anaconda3\Lib\site-packages\werkzeug\serving.py", line 371, in run_wsgi
    execute(self.server.app)
  File "C:\Users\vin\anaconda3\Lib\site-packages\werkzeug\serving.py", line 332, in execute
    application_iter = app(environ, start_response)
  File "C:\Users\vin\anaconda3\Lib\site-packages\flask\app.py", line 1536, in __call__
    return self.wsgi_app(environ, start_response)
  File "C:\Users\vin\anaconda3\Lib\site-packages\flask\app.py", line 1511, in wsgi_app
    response = self.full_dispatch_request()
  File "C:\Users\vin\anaconda3\Lib\site-packages\flask\app.py", line 917, in full_dispatch_request
    rv = self.dispatch_request()
  File "C:\Users\vin\anaconda3\Lib\site-packages\flask\app.py", line 902, in dispatch_request
    return self.ensure_sync(self.view_functions[rule.endpoint])(**view_args)  # type: ignore[no-any-return]
  File "G:\MNEMOS\service\app.py", line 2396, in search
    res = _runtime.search_documents(
  File "G:\MNEMOS\service\app.py", line 1201, in search_documents
    results, mode_meta = self._router.search(**{**_default_retrieval_kwargs, **_r1_retrieval_overrides})
  File "G:\MNEMOS\mnemos\retrieval\retrieval_router.py", line 1303, in search
    hits, rr_telemetry = self._rerank_with_budget(budget_plan, query, hits, t_e)
  File "G:\MNEMOS\mnemos\retrieval\retrieval_router.py", line 325, in _rerank_with_budget
    results, telemetry = self._apply_conditional_rerank(query, candidates, dense_latency_ms)
  File "G:\MNEMOS\mnemos\retrieval\retrieval_router.py", line 729, in _apply_conditional_rerank
    self._telemetry_sink.emit(telemetry)
  File "G:\MNEMOS\mnemos\retrieval\telemetry.py", line 50, in emit
    self.logger.info(json.dumps(event))
Message: '{"timestamp": "2026-07-02T20:53:35.290858+00:00", "request_id": "b1886461-3ba9-47e2-bf7b-eefb23ad79f5", "query_hash": "4927540986737028443", "query_family": "why_how", "query_family_confidence": 0.8, "rerank_eligible": false, "rerank_applied": false, "shadow_evaluated": true, "rerank_model": "BAAI/bge-reranker-base", "rerank_depth": 20, "rerank_skip_reason": "insufficient_candidates", "dense_latency_ms": 6.841100053861737, "rerank_latency_ms": 35.44290002901107, "total_latency_ms": 42.28400008287281, "circuit_breaker_state": "closed", "dense_top_k": 8, "dense_top1_doc_id": "r1seed::docs__whitepaper.md::chunk034", "final_top1_doc_id": "r1seed::docs__whitepaper.md::chunk034", "timeout_occurred": false, "error_occurred": false, "service_healthy": true, "rerank_service_health": {"healthy": true, "model_loaded": true, "last_error": null, "warm": true, "latency_ms": 0.0}, "top3_changed": true, "top10_changed": false}'
Arguments: ()
2026-07-03 08:53:35,435 INFO [werkzeug] 127.0.0.1 - - [03/Jul/2026 08:53:35] "POST /v1/mnemos/search HTTP/1.1" 200 -
--- Logging error ---
Traceback (most recent call last):
  File "C:\Users\vin\anaconda3\Lib\logging\handlers.py", line 74, in emit
    self.doRollover()
  File "C:\Users\vin\anaconda3\Lib\logging\handlers.py", line 446, in doRollover
    self.rotate(self.baseFilename, dfn)
  File "C:\Users\vin\anaconda3\Lib\logging\handlers.py", line 115, in rotate
    os.rename(source, dest)
PermissionError: [WinError 32] The process cannot access the file because it is being used by another process: 'G:\\MNEMOS\\logs\\retrieval_telemetry.jsonl' -> 'G:\\MNEMOS\\logs\\retrieval_telemetry.jsonl.2026-07-01'
Call stack:
  File "C:\Users\vin\anaconda3\Lib\threading.py", line 1032, in _bootstrap
    self._bootstrap_inner()
  File "C:\Users\vin\anaconda3\Lib\threading.py", line 1075, in _bootstrap_inner
    self.run()
  File "C:\Users\vin\anaconda3\Lib\threading.py", line 1012, in run
    self._target(*self._args, **self._kwargs)
  File "C:\Users\vin\anaconda3\Lib\socketserver.py", line 692, in process_request_thread
    self.finish_request(request, client_address)
  File "C:\Users\vin\anaconda3\Lib\socketserver.py", line 362, in finish_request
    self.RequestHandlerClass(request, client_address, self)
  File "C:\Users\vin\anaconda3\Lib\socketserver.py", line 761, in __init__
    self.handle()
  File "C:\Users\vin\anaconda3\Lib\site-packages\werkzeug\serving.py", line 399, in handle
    super().handle()
  File "C:\Users\vin\anaconda3\Lib\http\server.py", line 436, in handle
    self.handle_one_request()
  File "C:\Users\vin\anaconda3\Lib\http\server.py", line 424, in handle_one_request
    method()
  File "C:\Users\vin\anaconda3\Lib\site-packages\werkzeug\serving.py", line 371, in run_wsgi
    execute(self.server.app)
  File "C:\Users\vin\anaconda3\Lib\site-packages\werkzeug\serving.py", line 332, in execute
    application_iter = app(environ, start_response)
  File "C:\Users\vin\anaconda3\Lib\site-packages\flask\app.py", line 1536, in __call__
    return self.wsgi_app(environ, start_response)
  File "C:\Users\vin\anaconda3\Lib\site-packages\flask\app.py", line 1511, in wsgi_app
    response = self.full_dispatch_request()
  File "C:\Users\vin\anaconda3\Lib\site-packages\flask\app.py", line 917, in full_dispatch_request
    rv = self.dispatch_request()
  File "C:\Users\vin\anaconda3\Lib\site-packages\flask\app.py", line 902, in dispatch_request
    return self.ensure_sync(self.view_functions[rule.endpoint])(**view_args)  # type: ignore[no-any-return]
  File "G:\MNEMOS\service\app.py", line 2396, in search
    res = _runtime.search_documents(
  File "G:\MNEMOS\service\app.py", line 1201, in search_documents
    results, mode_meta = self._router.search(**{**_default_retrieval_kwargs, **_r1_retrieval_overrides})
  File "G:\MNEMOS\mnemos\retrieval\retrieval_router.py", line 1303, in search
    hits, rr_telemetry = self._rerank_with_budget(budget_plan, query, hits, t_e)
  File "G:\MNEMOS\mnemos\retrieval\retrieval_router.py", line 325, in _rerank_with_budget
    results, telemetry = self._apply_conditional_rerank(query, candidates, dense_latency_ms)
  File "G:\MNEMOS\mnemos\retrieval\retrieval_router.py", line 729, in _apply_conditional_rerank
    self._telemetry_sink.emit(telemetry)
  File "G:\MNEMOS\mnemos\retrieval\telemetry.py", line 50, in emit
    self.logger.info(json.dumps(event))
Message: '{"timestamp": "2026-07-02T20:53:36.251747+00:00", "request_id": "b5b8397e-8eb7-461e-8b83-7f697dee83b0", "query_hash": "5198690439569207958", "query_family": "unknown", "query_family_confidence": 0.2, "rerank_eligible": false, "rerank_applied": false, "shadow_evaluated": true, "rerank_model": "BAAI/bge-reranker-base", "rerank_depth": 20, "rerank_skip_reason": "family_not_allowed", "dense_latency_ms": 10.478800046257675, "rerank_latency_ms": 82.52169995103031, "total_latency_ms": 93.00049999728799, "circuit_breaker_state": "closed", "dense_top_k": 8, "dense_top1_doc_id": "r1seed::docs__architecture.md::chunk001", "final_top1_doc_id": "r1seed::docs__architecture.md::chunk001", "timeout_occurred": false, "error_occurred": false, "service_healthy": true, "rerank_service_health": {"healthy": true, "model_loaded": true, "last_error": null, "warm": true, "latency_ms": 0.0}, "top3_changed": true, "top10_changed": false}'
Arguments: ()
2026-07-03 08:53:36,559 INFO [werkzeug] 127.0.0.1 - - [03/Jul/2026 08:53:36] "POST /v1/mnemos/search HTTP/1.1" 200 -
--- Logging error ---
Traceback (most recent call last):
  File "C:\Users\vin\anaconda3\Lib\logging\handlers.py", line 74, in emit
    self.doRollover()
  File "C:\Users\vin\anaconda3\Lib\logging\handlers.py", line 446, in doRollover
    self.rotate(self.baseFilename, dfn)
  File "C:\Users\vin\anaconda3\Lib\logging\handlers.py", line 115, in rotate
    os.rename(source, dest)
PermissionError: [WinError 32] The process cannot access the file because it is being used by another process: 'G:\\MNEMOS\\logs\\retrieval_telemetry.jsonl' -> 'G:\\MNEMOS\\logs\\retrieval_telemetry.jsonl.2026-07-01'
Call stack:
  File "C:\Users\vin\anaconda3\Lib\threading.py", line 1032, in _bootstrap
    self._bootstrap_inner()
  File "C:\Users\vin\anaconda3\Lib\threading.py", line 1075, in _bootstrap_inner
    self.run()
  File "C:\Users\vin\anaconda3\Lib\threading.py", line 1012, in run
    self._target(*self._args, **self._kwargs)
  File "C:\Users\vin\anaconda3\Lib\socketserver.py", line 692, in process_request_thread
    self.finish_request(request, client_address)
  File "C:\Users\vin\anaconda3\Lib\socketserver.py", line 362, in finish_request
    self.RequestHandlerClass(request, client_address, self)
  File "C:\Users\vin\anaconda3\Lib\socketserver.py", line 761, in __init__
    self.handle()
  File "C:\Users\vin\anaconda3\Lib\site-packages\werkzeug\serving.py", line 399, in handle
    super().handle()
  File "C:\Users\vin\anaconda3\Lib\http\server.py", line 436, in handle
    self.handle_one_request()
  File "C:\Users\vin\anaconda3\Lib\http\server.py", line 424, in handle_one_request
    method()
  File "C:\Users\vin\anaconda3\Lib\site-packages\werkzeug\serving.py", line 371, in run_wsgi
    execute(self.server.app)
  File "C:\Users\vin\anaconda3\Lib\site-packages\werkzeug\serving.py", line 332, in execute
    application_iter = app(environ, start_response)
  File "C:\Users\vin\anaconda3\Lib\site-packages\flask\app.py", line 1536, in __call__
    return self.wsgi_app(environ, start_response)
  File "C:\Users\vin\anaconda3\Lib\site-packages\flask\app.py", line 1511, in wsgi_app
    response = self.full_dispatch_request()
  File "C:\Users\vin\anaconda3\Lib\site-packages\flask\app.py", line 917, in full_dispatch_request
    rv = self.dispatch_request()
  File "C:\Users\vin\anaconda3\Lib\site-packages\flask\app.py", line 902, in dispatch_request
    return self.ensure_sync(self.view_functions[rule.endpoint])(**view_args)  # type: ignore[no-any-return]
  File "G:\MNEMOS\service\app.py", line 2396, in search
    res = _runtime.search_documents(
  File "G:\MNEMOS\service\app.py", line 1201, in search_documents
    results, mode_meta = self._router.search(**{**_default_retrieval_kwargs, **_r1_retrieval_overrides})
  File "G:\MNEMOS\mnemos\retrieval\retrieval_router.py", line 1303, in search
    hits, rr_telemetry = self._rerank_with_budget(budget_plan, query, hits, t_e)
  File "G:\MNEMOS\mnemos\retrieval\retrieval_router.py", line 325, in _rerank_with_budget
    results, telemetry = self._apply_conditional_rerank(query, candidates, dense_latency_ms)
  File "G:\MNEMOS\mnemos\retrieval\retrieval_router.py", line 729, in _apply_conditional_rerank
    self._telemetry_sink.emit(telemetry)
  File "G:\MNEMOS\mnemos\retrieval\telemetry.py", line 50, in emit
    self.logger.info(json.dumps(event))
Message: '{"timestamp": "2026-07-02T20:53:37.315751+00:00", "request_id": "9d83127f-540a-47d5-bf77-b9bf7c36db9e", "query_hash": "-4860088814886386694", "query_family": "unknown", "query_family_confidence": 0.2, "rerank_eligible": false, "rerank_applied": false, "shadow_evaluated": true, "rerank_model": "BAAI/bge-reranker-base", "rerank_depth": 20, "rerank_skip_reason": "family_not_allowed", "dense_latency_ms": 6.65369990747422, "rerank_latency_ms": 133.34910001140088, "total_latency_ms": 140.0027999188751, "circuit_breaker_state": "closed", "dense_top_k": 8, "dense_top1_doc_id": "r1seed::docs__associative_routing_e2_design_note.md::chunk008", "final_top1_doc_id": "r1seed::docs__associative_routing_e2_design_note.md::chunk008", "timeout_occurred": false, "error_occurred": false, "service_healthy": true, "rerank_service_health": {"healthy": true, "model_loaded": true, "last_error": null, "warm": true, "latency_ms": 0.0}, "top3_changed": true, "top10_changed": false}'
Arguments: ()
2026-07-03 08:53:37,678 INFO [werkzeug] 127.0.0.1 - - [03/Jul/2026 08:53:37] "POST /v1/mnemos/search HTTP/1.1" 200 -
--- Logging error ---
Traceback (most recent call last):
  File "C:\Users\vin\anaconda3\Lib\logging\handlers.py", line 74, in emit
    self.doRollover()
  File "C:\Users\vin\anaconda3\Lib\logging\handlers.py", line 446, in doRollover
    self.rotate(self.baseFilename, dfn)
  File "C:\Users\vin\anaconda3\Lib\logging\handlers.py", line 115, in rotate
    os.rename(source, dest)
PermissionError: [WinError 32] The process cannot access the file because it is being used by another process: 'G:\\MNEMOS\\logs\\retrieval_telemetry.jsonl' -> 'G:\\MNEMOS\\logs\\retrieval_telemetry.jsonl.2026-07-01'
Call stack:
  File "C:\Users\vin\anaconda3\Lib\threading.py", line 1032, in _bootstrap
    self._bootstrap_inner()
  File "C:\Users\vin\anaconda3\Lib\threading.py", line 1075, in _bootstrap_inner
    self.run()
  File "C:\Users\vin\anaconda3\Lib\threading.py", line 1012, in run
    self._target(*self._args, **self._kwargs)
  File "C:\Users\vin\anaconda3\Lib\socketserver.py", line 692, in process_request_thread
    self.finish_request(request, client_address)
  File "C:\Users\vin\anaconda3\Lib\socketserver.py", line 362, in finish_request
    self.RequestHandlerClass(request, client_address, self)
  File "C:\Users\vin\anaconda3\Lib\socketserver.py", line 761, in __init__
    self.handle()
  File "C:\Users\vin\anaconda3\Lib\site-packages\werkzeug\serving.py", line 399, in handle
    super().handle()
  File "C:\Users\vin\anaconda3\Lib\http\server.py", line 436, in handle
    self.handle_one_request()
  File "C:\Users\vin\anaconda3\Lib\http\server.py", line 424, in handle_one_request
    method()
  File "C:\Users\vin\anaconda3\Lib\site-packages\werkzeug\serving.py", line 371, in run_wsgi
    execute(self.server.app)
  File "C:\Users\vin\anaconda3\Lib\site-packages\werkzeug\serving.py", line 332, in execute
    application_iter = app(environ, start_response)
  File "C:\Users\vin\anaconda3\Lib\site-packages\flask\app.py", line 1536, in __call__
    return self.wsgi_app(environ, start_response)
  File "C:\Users\vin\anaconda3\Lib\site-packages\flask\app.py", line 1511, in wsgi_app
    response = self.full_dispatch_request()
  File "C:\Users\vin\anaconda3\Lib\site-packages\flask\app.py", line 917, in full_dispatch_request
    rv = self.dispatch_request()
  File "C:\Users\vin\anaconda3\Lib\site-packages\flask\app.py", line 902, in dispatch_request
    return self.ensure_sync(self.view_functions[rule.endpoint])(**view_args)  # type: ignore[no-any-return]
  File "G:\MNEMOS\service\app.py", line 2396, in search
    res = _runtime.search_documents(
  File "G:\MNEMOS\service\app.py", line 1201, in search_documents
    results, mode_meta = self._router.search(**{**_default_retrieval_kwargs, **_r1_retrieval_overrides})
  File "G:\MNEMOS\mnemos\retrieval\retrieval_router.py", line 1303, in search
    hits, rr_telemetry = self._rerank_with_budget(budget_plan, query, hits, t_e)
  File "G:\MNEMOS\mnemos\retrieval\retrieval_router.py", line 325, in _rerank_with_budget
    results, telemetry = self._apply_conditional_rerank(query, candidates, dense_latency_ms)
  File "G:\MNEMOS\mnemos\retrieval\retrieval_router.py", line 729, in _apply_conditional_rerank
    self._telemetry_sink.emit(telemetry)
  File "G:\MNEMOS\mnemos\retrieval\telemetry.py", line 50, in emit
    self.logger.info(json.dumps(event))
Message: '{"timestamp": "2026-07-02T20:53:38.491372+00:00", "request_id": "fda93123-bd0c-4c9f-8cef-a04a61548157", "query_hash": "7246768514142312444", "query_family": "hard_negative", "query_family_confidence": 0.7, "rerank_eligible": false, "rerank_applied": false, "shadow_evaluated": true, "rerank_model": "BAAI/bge-reranker-base", "rerank_depth": 50, "rerank_skip_reason": "insufficient_candidates", "dense_latency_ms": 26.231399970129132, "rerank_latency_ms": 137.14949996210635, "total_latency_ms": 163.38089993223548, "circuit_breaker_state": "closed", "dense_top_k": 8, "dense_top1_doc_id": "r1seed::docs__whitepaper.md::chunk027", "final_top1_doc_id": "r1seed::docs__whitepaper.md::chunk027", "timeout_occurred": false, "error_occurred": false, "service_healthy": true, "rerank_service_health": {"healthy": true, "model_loaded": true, "last_error": null, "warm": true, "latency_ms": 0.0}, "top3_changed": true, "top10_changed": false}'
Arguments: ()
2026-07-03 08:53:38,767 INFO [werkzeug] 127.0.0.1 - - [03/Jul/2026 08:53:38] "POST /v1/mnemos/search HTTP/1.1" 200 -
--- Logging error ---
Traceback (most recent call last):
  File "C:\Users\vin\anaconda3\Lib\logging\handlers.py", line 74, in emit
    self.doRollover()
  File "C:\Users\vin\anaconda3\Lib\logging\handlers.py", line 446, in doRollover
    self.rotate(self.baseFilename, dfn)
  File "C:\Users\vin\anaconda3\Lib\logging\handlers.py", line 115, in rotate
    os.rename(source, dest)
PermissionError: [WinError 32] The process cannot access the file because it is being used by another process: 'G:\\MNEMOS\\logs\\retrieval_telemetry.jsonl' -> 'G:\\MNEMOS\\logs\\retrieval_telemetry.jsonl.2026-07-01'
Call stack:
  File "C:\Users\vin\anaconda3\Lib\threading.py", line 1032, in _bootstrap
    self._bootstrap_inner()
  File "C:\Users\vin\anaconda3\Lib\threading.py", line 1075, in _bootstrap_inner
    self.run()
  File "C:\Users\vin\anaconda3\Lib\threading.py", line 1012, in run
    self._target(*self._args, **self._kwargs)
  File "C:\Users\vin\anaconda3\Lib\socketserver.py", line 692, in process_request_thread
    self.finish_request(request, client_address)
  File "C:\Users\vin\anaconda3\Lib\socketserver.py", line 362, in finish_request
    self.RequestHandlerClass(request, client_address, self)
  File "C:\Users\vin\anaconda3\Lib\socketserver.py", line 761, in __init__
    self.handle()
  File "C:\Users\vin\anaconda3\Lib\site-packages\werkzeug\serving.py", line 399, in handle
    super().handle()
  File "C:\Users\vin\anaconda3\Lib\http\server.py", line 436, in handle
    self.handle_one_request()
  File "C:\Users\vin\anaconda3\Lib\http\server.py", line 424, in handle_one_request
    method()
  File "C:\Users\vin\anaconda3\Lib\site-packages\werkzeug\serving.py", line 371, in run_wsgi
    execute(self.server.app)
  File "C:\Users\vin\anaconda3\Lib\site-packages\werkzeug\serving.py", line 332, in execute
    application_iter = app(environ, start_response)
  File "C:\Users\vin\anaconda3\Lib\site-packages\flask\app.py", line 1536, in __call__
    return self.wsgi_app(environ, start_response)
  File "C:\Users\vin\anaconda3\Lib\site-packages\flask\app.py", line 1511, in wsgi_app
    response = self.full_dispatch_request()
  File "C:\Users\vin\anaconda3\Lib\site-packages\flask\app.py", line 917, in full_dispatch_request
    rv = self.dispatch_request()
  File "C:\Users\vin\anaconda3\Lib\site-packages\flask\app.py", line 902, in dispatch_request
    return self.ensure_sync(self.view_functions[rule.endpoint])(**view_args)  # type: ignore[no-any-return]
  File "G:\MNEMOS\service\app.py", line 2396, in search
    res = _runtime.search_documents(
  File "G:\MNEMOS\service\app.py", line 1201, in search_documents
    results, mode_meta = self._router.search(**{**_default_retrieval_kwargs, **_r1_retrieval_overrides})
  File "G:\MNEMOS\mnemos\retrieval\retrieval_router.py", line 1303, in search
    hits, rr_telemetry = self._rerank_with_budget(budget_plan, query, hits, t_e)
  File "G:\MNEMOS\mnemos\retrieval\retrieval_router.py", line 325, in _rerank_with_budget
    results, telemetry = self._apply_conditional_rerank(query, candidates, dense_latency_ms)
  File "G:\MNEMOS\mnemos\retrieval\retrieval_router.py", line 729, in _apply_conditional_rerank
    self._telemetry_sink.emit(telemetry)
  File "G:\MNEMOS\mnemos\retrieval\telemetry.py", line 50, in emit
    self.logger.info(json.dumps(event))
Message: '{"timestamp": "2026-07-02T20:53:39.504502+00:00", "request_id": "86284e87-524b-4de8-8342-6eb7dc1ef31d", "query_hash": "4054992347444138979", "query_family": "unknown", "query_family_confidence": 0.2, "rerank_eligible": false, "rerank_applied": false, "shadow_evaluated": true, "rerank_model": "BAAI/bge-reranker-base", "rerank_depth": 20, "rerank_skip_reason": "family_not_allowed", "dense_latency_ms": 6.782199954614043, "rerank_latency_ms": 130.24690002202988, "total_latency_ms": 137.02909997664392, "circuit_breaker_state": "closed", "dense_top_k": 8, "dense_top1_doc_id": "r1seed::benchmarks__results__evidence_admission_r0_fresh_http_service_run_001.json::chunk002", "final_top1_doc_id": "r1seed::benchmarks__results__evidence_admission_r0_fresh_http_service_run_001.json::chunk002", "timeout_occurred": false, "error_occurred": false, "service_healthy": true, "rerank_service_health": {"healthy": true, "model_loaded": true, "last_error": null, "warm": true, "latency_ms": 0.0}, "top3_changed": true, "top10_changed": false}'
Arguments: ()
2026-07-03 08:53:39,883 INFO [werkzeug] 127.0.0.1 - - [03/Jul/2026 08:53:39] "POST /v1/mnemos/search HTTP/1.1" 200 -
--- Logging error ---
Traceback (most recent call last):
  File "C:\Users\vin\anaconda3\Lib\logging\handlers.py", line 74, in emit
    self.doRollover()
  File "C:\Users\vin\anaconda3\Lib\logging\handlers.py", line 446, in doRollover
    self.rotate(self.baseFilename, dfn)
  File "C:\Users\vin\anaconda3\Lib\logging\handlers.py", line 115, in rotate
    os.rename(source, dest)
PermissionError: [WinError 32] The process cannot access the file because it is being used by another process: 'G:\\MNEMOS\\logs\\retrieval_telemetry.jsonl' -> 'G:\\MNEMOS\\logs\\retrieval_telemetry.jsonl.2026-07-01'
Call stack:
  File "C:\Users\vin\anaconda3\Lib\threading.py", line 1032, in _bootstrap
    self._bootstrap_inner()
  File "C:\Users\vin\anaconda3\Lib\threading.py", line 1075, in _bootstrap_inner
    self.run()
  File "C:\Users\vin\anaconda3\Lib\threading.py", line 1012, in run
    self._target(*self._args, **self._kwargs)
  File "C:\Users\vin\anaconda3\Lib\socketserver.py", line 692, in process_request_thread
    self.finish_request(request, client_address)
  File "C:\Users\vin\anaconda3\Lib\socketserver.py", line 362, in finish_request
    self.RequestHandlerClass(request, client_address, self)
  File "C:\Users\vin\anaconda3\Lib\socketserver.py", line 761, in __init__
    self.handle()
  File "C:\Users\vin\anaconda3\Lib\site-packages\werkzeug\serving.py", line 399, in handle
    super().handle()
  File "C:\Users\vin\anaconda3\Lib\http\server.py", line 436, in handle
    self.handle_one_request()
  File "C:\Users\vin\anaconda3\Lib\http\server.py", line 424, in handle_one_request
    method()
  File "C:\Users\vin\anaconda3\Lib\site-packages\werkzeug\serving.py", line 371, in run_wsgi
    execute(self.server.app)
  File "C:\Users\vin\anaconda3\Lib\site-packages\werkzeug\serving.py", line 332, in execute
    application_iter = app(environ, start_response)
  File "C:\Users\vin\anaconda3\Lib\site-packages\flask\app.py", line 1536, in __call__
    return self.wsgi_app(environ, start_response)
  File "C:\Users\vin\anaconda3\Lib\site-packages\flask\app.py", line 1511, in wsgi_app
    response = self.full_dispatch_request()
  File "C:\Users\vin\anaconda3\Lib\site-packages\flask\app.py", line 917, in full_dispatch_request
    rv = self.dispatch_request()
  File "C:\Users\vin\anaconda3\Lib\site-packages\flask\app.py", line 902, in dispatch_request
    return self.ensure_sync(self.view_functions[rule.endpoint])(**view_args)  # type: ignore[no-any-return]
  File "G:\MNEMOS\service\app.py", line 2396, in search
    res = _runtime.search_documents(
  File "G:\MNEMOS\service\app.py", line 1201, in search_documents
    results, mode_meta = self._router.search(**{**_default_retrieval_kwargs, **_r1_retrieval_overrides})
  File "G:\MNEMOS\mnemos\retrieval\retrieval_router.py", line 1303, in search
    hits, rr_telemetry = self._rerank_with_budget(budget_plan, query, hits, t_e)
  File "G:\MNEMOS\mnemos\retrieval\retrieval_router.py", line 325, in _rerank_with_budget
    results, telemetry = self._apply_conditional_rerank(query, candidates, dense_latency_ms)
  File "G:\MNEMOS\mnemos\retrieval\retrieval_router.py", line 729, in _apply_conditional_rerank
    self._telemetry_sink.emit(telemetry)
  File "G:\MNEMOS\mnemos\retrieval\telemetry.py", line 50, in emit
    self.logger.info(json.dumps(event))
Message: '{"timestamp": "2026-07-02T20:53:40.660856+00:00", "request_id": "fce84c40-7be4-4824-a940-68597a471e96", "query_hash": "8343664514149091589", "query_family": "unknown", "query_family_confidence": 0.2, "rerank_eligible": false, "rerank_applied": false, "shadow_evaluated": true, "rerank_model": "BAAI/bge-reranker-base", "rerank_depth": 20, "rerank_skip_reason": "family_not_allowed", "dense_latency_ms": 10.449000052176416, "rerank_latency_ms": 43.4111999347806, "total_latency_ms": 53.860199986957014, "circuit_breaker_state": "closed", "dense_top_k": 8, "dense_top1_doc_id": "r1seed::benchmarks__results__retrieval_hygiene_r0_run_001.json::chunk114", "final_top1_doc_id": "r1seed::benchmarks__results__retrieval_hygiene_r0_run_001.json::chunk114", "timeout_occurred": false, "error_occurred": false, "service_healthy": true, "rerank_service_health": {"healthy": true, "model_loaded": true, "last_error": null, "warm": true, "latency_ms": 0.0}, "top3_changed": true, "top10_changed": false}'
Arguments: ()
2026-07-03 08:53:40,837 INFO [werkzeug] 127.0.0.1 - - [03/Jul/2026 08:53:40] "POST /v1/mnemos/search HTTP/1.1" 200 -
--- Logging error ---
Traceback (most recent call last):
  File "C:\Users\vin\anaconda3\Lib\logging\handlers.py", line 74, in emit
    self.doRollover()
  File "C:\Users\vin\anaconda3\Lib\logging\handlers.py", line 446, in doRollover
    self.rotate(self.baseFilename, dfn)
  File "C:\Users\vin\anaconda3\Lib\logging\handlers.py", line 115, in rotate
    os.rename(source, dest)
PermissionError: [WinError 32] The process cannot access the file because it is being used by another process: 'G:\\MNEMOS\\logs\\retrieval_telemetry.jsonl' -> 'G:\\MNEMOS\\logs\\retrieval_telemetry.jsonl.2026-07-01'
Call stack:
  File "C:\Users\vin\anaconda3\Lib\threading.py", line 1032, in _bootstrap
    self._bootstrap_inner()
  File "C:\Users\vin\anaconda3\Lib\threading.py", line 1075, in _bootstrap_inner
    self.run()
  File "C:\Users\vin\anaconda3\Lib\threading.py", line 1012, in run
    self._target(*self._args, **self._kwargs)
  File "C:\Users\vin\anaconda3\Lib\socketserver.py", line 692, in process_request_thread
    self.finish_request(request, client_address)
  File "C:\Users\vin\anaconda3\Lib\socketserver.py", line 362, in finish_request
    self.RequestHandlerClass(request, client_address, self)
  File "C:\Users\vin\anaconda3\Lib\socketserver.py", line 761, in __init__
    self.handle()
  File "C:\Users\vin\anaconda3\Lib\site-packages\werkzeug\serving.py", line 399, in handle
    super().handle()
  File "C:\Users\vin\anaconda3\Lib\http\server.py", line 436, in handle
    self.handle_one_request()
  File "C:\Users\vin\anaconda3\Lib\http\server.py", line 424, in handle_one_request
    method()
  File "C:\Users\vin\anaconda3\Lib\site-packages\werkzeug\serving.py", line 371, in run_wsgi
    execute(self.server.app)
  File "C:\Users\vin\anaconda3\Lib\site-packages\werkzeug\serving.py", line 332, in execute
    application_iter = app(environ, start_response)
  File "C:\Users\vin\anaconda3\Lib\site-packages\flask\app.py", line 1536, in __call__
    return self.wsgi_app(environ, start_response)
  File "C:\Users\vin\anaconda3\Lib\site-packages\flask\app.py", line 1511, in wsgi_app
    response = self.full_dispatch_request()
  File "C:\Users\vin\anaconda3\Lib\site-packages\flask\app.py", line 917, in full_dispatch_request
    rv = self.dispatch_request()
  File "C:\Users\vin\anaconda3\Lib\site-packages\flask\app.py", line 902, in dispatch_request
    return self.ensure_sync(self.view_functions[rule.endpoint])(**view_args)  # type: ignore[no-any-return]
  File "G:\MNEMOS\service\app.py", line 2396, in search
    res = _runtime.search_documents(
  File "G:\MNEMOS\service\app.py", line 1201, in search_documents
    results, mode_meta = self._router.search(**{**_default_retrieval_kwargs, **_r1_retrieval_overrides})
  File "G:\MNEMOS\mnemos\retrieval\retrieval_router.py", line 1303, in search
    hits, rr_telemetry = self._rerank_with_budget(budget_plan, query, hits, t_e)
  File "G:\MNEMOS\mnemos\retrieval\retrieval_router.py", line 325, in _rerank_with_budget
    results, telemetry = self._apply_conditional_rerank(query, candidates, dense_latency_ms)
  File "G:\MNEMOS\mnemos\retrieval\retrieval_router.py", line 729, in _apply_conditional_rerank
    self._telemetry_sink.emit(telemetry)
  File "G:\MNEMOS\mnemos\retrieval\telemetry.py", line 50, in emit
    self.logger.info(json.dumps(event))
Message: '{"timestamp": "2026-07-02T20:53:41.673260+00:00", "request_id": "c646f7d9-d59b-4dc8-ab12-baa08d660fd8", "query_hash": "5881533745033095215", "query_family": "unknown", "query_family_confidence": 0.2, "rerank_eligible": false, "rerank_applied": false, "shadow_evaluated": true, "rerank_model": "BAAI/bge-reranker-base", "rerank_depth": 20, "rerank_skip_reason": "family_not_allowed", "dense_latency_ms": 26.018799981102347, "rerank_latency_ms": 86.25709998887032, "total_latency_ms": 112.27589996997267, "circuit_breaker_state": "closed", "dense_top_k": 8, "dense_top1_doc_id": "r1seed::docs__whitepaper.md::chunk134", "final_top1_doc_id": "r1seed::docs__whitepaper.md::chunk134", "timeout_occurred": false, "error_occurred": false, "service_healthy": true, "rerank_service_health": {"healthy": true, "model_loaded": true, "last_error": null, "warm": true, "latency_ms": 0.0}, "top3_changed": true, "top10_changed": false}'
Arguments: ()
2026-07-03 08:53:42,044 INFO [werkzeug] 127.0.0.1 - - [03/Jul/2026 08:53:42] "POST /v1/mnemos/search HTTP/1.1" 200 -
--- Logging error ---
Traceback (most recent call last):
  File "C:\Users\vin\anaconda3\Lib\logging\handlers.py", line 74, in emit
    self.doRollover()
  File "C:\Users\vin\anaconda3\Lib\logging\handlers.py", line 446, in doRollover
    self.rotate(self.baseFilename, dfn)
  File "C:\Users\vin\anaconda3\Lib\logging\handlers.py", line 115, in rotate
    os.rename(source, dest)
PermissionError: [WinError 32] The process cannot access the file because it is being used by another process: 'G:\\MNEMOS\\logs\\retrieval_telemetry.jsonl' -> 'G:\\MNEMOS\\logs\\retrieval_telemetry.jsonl.2026-07-01'
Call stack:
  File "C:\Users\vin\anaconda3\Lib\threading.py", line 1032, in _bootstrap
    self._bootstrap_inner()
  File "C:\Users\vin\anaconda3\Lib\threading.py", line 1075, in _bootstrap_inner
    self.run()
  File "C:\Users\vin\anaconda3\Lib\threading.py", line 1012, in run
    self._target(*self._args, **self._kwargs)
  File "C:\Users\vin\anaconda3\Lib\socketserver.py", line 692, in process_request_thread
    self.finish_request(request, client_address)
  File "C:\Users\vin\anaconda3\Lib\socketserver.py", line 362, in finish_request
    self.RequestHandlerClass(request, client_address, self)
  File "C:\Users\vin\anaconda3\Lib\socketserver.py", line 761, in __init__
    self.handle()
  File "C:\Users\vin\anaconda3\Lib\site-packages\werkzeug\serving.py", line 399, in handle
    super().handle()
  File "C:\Users\vin\anaconda3\Lib\http\server.py", line 436, in handle
    self.handle_one_request()
  File "C:\Users\vin\anaconda3\Lib\http\server.py", line 424, in handle_one_request
    method()
  File "C:\Users\vin\anaconda3\Lib\site-packages\werkzeug\serving.py", line 371, in run_wsgi
    execute(self.server.app)
  File "C:\Users\vin\anaconda3\Lib\site-packages\werkzeug\serving.py", line 332, in execute
    application_iter = app(environ, start_response)
  File "C:\Users\vin\anaconda3\Lib\site-packages\flask\app.py", line 1536, in __call__
    return self.wsgi_app(environ, start_response)
  File "C:\Users\vin\anaconda3\Lib\site-packages\flask\app.py", line 1511, in wsgi_app
    response = self.full_dispatch_request()
  File "C:\Users\vin\anaconda3\Lib\site-packages\flask\app.py", line 917, in full_dispatch_request
    rv = self.dispatch_request()
  File "C:\Users\vin\anaconda3\Lib\site-packages\flask\app.py", line 902, in dispatch_request
    return self.ensure_sync(self.view_functions[rule.endpoint])(**view_args)  # type: ignore[no-any-return]
  File "G:\MNEMOS\service\app.py", line 2396, in search
    res = _runtime.search_documents(
  File "G:\MNEMOS\service\app.py", line 1201, in search_documents
    results, mode_meta = self._router.search(**{**_default_retrieval_kwargs, **_r1_retrieval_overrides})
  File "G:\MNEMOS\mnemos\retrieval\retrieval_router.py", line 1303, in search
    hits, rr_telemetry = self._rerank_with_budget(budget_plan, query, hits, t_e)
  File "G:\MNEMOS\mnemos\retrieval\retrieval_router.py", line 325, in _rerank_with_budget
    results, telemetry = self._apply_conditional_rerank(query, candidates, dense_latency_ms)
  File "G:\MNEMOS\mnemos\retrieval\retrieval_router.py", line 729, in _apply_conditional_rerank
    self._telemetry_sink.emit(telemetry)
  File "G:\MNEMOS\mnemos\retrieval\telemetry.py", line 50, in emit
    self.logger.info(json.dumps(event))
Message: '{"timestamp": "2026-07-02T20:53:42.769504+00:00", "request_id": "694f5275-6187-4c6f-984b-233c3c14b9f7", "query_hash": "-3913574995682805513", "query_family": "unknown", "query_family_confidence": 0.2, "rerank_eligible": false, "rerank_applied": false, "shadow_evaluated": true, "rerank_model": "BAAI/bge-reranker-base", "rerank_depth": 20, "rerank_skip_reason": "family_not_allowed", "dense_latency_ms": 6.493599968962371, "rerank_latency_ms": 84.50569992419332, "total_latency_ms": 90.9992998931557, "circuit_breaker_state": "closed", "dense_top_k": 8, "dense_top1_doc_id": "r1seed::docs__whitepaper.md::chunk005", "final_top1_doc_id": "r1seed::docs__whitepaper.md::chunk005", "timeout_occurred": false, "error_occurred": false, "service_healthy": true, "rerank_service_health": {"healthy": true, "model_loaded": true, "last_error": null, "warm": true, "latency_ms": 0.0}, "top3_changed": true, "top10_changed": false}'
Arguments: ()
2026-07-03 08:53:42,966 INFO [werkzeug] 127.0.0.1 - - [03/Jul/2026 08:53:42] "POST /v1/mnemos/search HTTP/1.1" 200 -
2026-07-03 08:54:57,472 INFO [werkzeug] 127.0.0.1 - - [03/Jul/2026 08:54:57] "GET /health HTTP/1.1" 200 -
